depth,true_vaf,prior,n_sites,median_p_h1,q10_p_h1,q90_p_h1,frac_p_h1_ge_tau
50,0.000000000000e+00,1.000000000000e-02,200,5.575254493138e-03,5.575254493138e-03,5.575254493138e-03,0.000000000000e+00
50,0.000000000000e+00,5.000000000000e-01,200,3.569316731838e-01,3.569316731838e-01,3.569316731838e-01,0.000000000000e+00
50,2.000000000000e-02,1.000000000000e-02,200,7.098544627876e-02,5.575254493138e-03,8.153822815384e-01,6.500000000000e-02
50,2.000000000000e-02,5.000000000000e-01,200,8.832393710376e-01,3.569316731838e-01,9.977181620796e-01,3.050000000000e-01
100,0.000000000000e+00,1.000000000000e-02,200,4.767532178316e-03,4.767532178316e-03,4.767532178316e-03,0.000000000000e+00
100,0.000000000000e+00,5.000000000000e-01,200,3.216874631325e-01,3.216874631325e-01,3.216874631325e-01,0.000000000000e+00
100,2.000000000000e-02,1.000000000000e-02,200,5.332658824469e-01,4.767532178316e-03,9.998340925922e-01,3.050000000000e-01
100,2.000000000000e-02,5.000000000000e-01,200,9.912366950319e-01,3.216874631325e-01,9.999983238923e-01,5.850000000000e-01
200,0.000000000000e+00,1.000000000000e-02,200,3.964306082368e-03,3.964306082368e-03,3.964306082368e-03,0.000000000000e+00
200,0.000000000000e+00,5.000000000000e-01,200,2.826544745810e-01,2.826544745810e-01,2.826544745810e-01,0.000000000000e+00
200,2.000000000000e-02,1.000000000000e-02,200,9.974679000248e-01,2.340936064799e-01,9.999999936592e-01,6.000000000000e-01
200,2.000000000000e-02,5.000000000000e-01,200,9.999743589627e-01,9.680088198016e-01,9.999999999360e-01,9.200000000000e-01
500,0.000000000000e+00,1.000000000000e-02,200,2.919772334492e-03,2.919772334492e-03,9.604329464054e-03,0.000000000000e+00
500,0.000000000000e+00,5.000000000000e-01,200,2.247484570559e-01,2.247484570559e-01,4.898087372361e-01,0.000000000000e+00
500,2.000000000000e-02,1.000000000000e-02,200,9.999999999681e-01,9.998768178174e-01,1.000000000000e+00,9.900000000000e-01
500,2.000000000000e-02,5.000000000000e-01,200,9.999999999997e-01,9.999987555838e-01,1.000000000000e+00,1.000000000000e+00
1000,0.000000000000e+00,1.000000000000e-02,200,2.158668100605e-03,2.158668100605e-03,5.354235454797e-03,0.000000000000e+00
1000,0.000000000000e+00,5.000000000000e-01,200,1.763924186101e-01,1.763924186101e-01,3.476513867185e-01,0.000000000000e+00
1000,2.000000000000e-02,1.000000000000e-02,200,1.000000000000e+00,1.000000000000e+00,1.000000000000e+00,1.000000000000e+00
1000,2.000000000000e-02,5.000000000000e-01,200,1.000000000000e+00,1.000000000000e+00,1.000000000000e+00,1.000000000000e+00
2000,0.000000000000e+00,1.000000000000e-02,200,2.899727194454e-03,1.449201144563e-03,6.938296748690e-03,0.000000000000e+00
2000,0.000000000000e+00,5.000000000000e-01,200,2.235469309808e-01,1.256288840949e-01,4.088753345180e-01,0.000000000000e+00
2000,2.000000000000e-02,1.000000000000e-02,200,1.000000000000e+00,1.000000000000e+00,1.000000000000e+00,1.000000000000e+00
2000,2.000000000000e-02,5.000000000000e-01,200,1.000000000000e+00,1.000000000000e+00,1.000000000000e+00,1.000000000000e+00
5000,0.000000000000e+00,1.000000000000e-02,200,1.095503618531e-03,6.643845205896e-04,3.617868172057e-03,0.000000000000e+00
5000,0.000000000000e+00,5.000000000000e-01,200,9.794007499236e-02,6.175332793146e-02,2.644189311826e-01,0.000000000000e+00
5000,2.000000000000e-02,1.000000000000e-02,200,1.000000000000e+00,1.000000000000e+00,1.000000000000e+00,1.000000000000e+00
5000,2.000000000000e-02,5.000000000000e-01,200,1.000000000000e+00,1.000000000000e+00,1.000000000000e+00,1.000000000000e+00
