depth,prior,true_vaf,expected_p_h1,expected_p_vaf_ge_thr,k_star,lod_vaf
25,1.000000000000e-02,2.000000000000e-02,1.316371435529e-01,1.046956888683e-01,1,1.196554982732e-01
25,5.000000000000e-01,2.000000000000e-02,6.126015790544e-01,2.770110862039e-01,1,1.196554982732e-01
50,1.000000000000e-02,2.000000000000e-02,2.634171179058e-01,1.967108862530e-01,1,5.966085995101e-02
50,5.000000000000e-01,2.000000000000e-02,7.236519856456e-01,3.309735073710e-01,1,5.966085995101e-02
100,1.000000000000e-02,2.000000000000e-02,4.841144149149e-01,3.092995463502e-01,1,2.966354078993e-02
100,5.000000000000e-01,2.000000000000e-02,8.548563466293e-01,3.845260846132e-01,1,2.966354078993e-02
200,1.000000000000e-02,2.000000000000e-02,7.855352823878e-01,4.110388143261e-01,2,2.341721220823e-02
200,5.000000000000e-01,2.000000000000e-02,9.604532354448e-01,4.249132279589e-01,2,2.341721220823e-02
500,1.000000000000e-02,2.000000000000e-02,9.920809811280e-01,4.542916704330e-01,2,9.166617860595e-03
500,5.000000000000e-01,2.000000000000e-02,9.993567604438e-01,4.543171340319e-01,2,9.166617860595e-03
1000,1.000000000000e-02,2.000000000000e-02,9.999872320820e-01,4.682665343332e-01,2,4.416419744717e-03
1000,5.000000000000e-01,2.000000000000e-02,9.999995185818e-01,4.682665344886e-01,2,4.416419744717e-03
2000,1.000000000000e-02,2.000000000000e-02,9.999999999908e-01,4.781700929184e-01,3,2.818321239255e-03
2000,5.000000000000e-01,2.000000000000e-02,9.999999999998e-01,4.781700929184e-01,3,2.818321239255e-03
5000,1.000000000000e-02,2.000000000000e-02,1.000000000000e+00,4.872604094139e-01,5,1.499369631503e-03
5000,5.000000000000e-01,2.000000000000e-02,1.000000000000e+00,4.872604094139e-01,5,1.499369631503e-03
10000,1.000000000000e-02,2.000000000000e-02,1.000000000000e+00,4.922290923188e-01,8,9.827884314852e-04
10000,5.000000000000e-01,2.000000000000e-02,1.000000000000e+00,4.922290923188e-01,8,9.827884314852e-04
