alt_reads,pvalue
0,1.000000000000e+00
1,2.834686894262e-01
2,4.462491923495e-02
3,4.817624203070e-03
4,3.945914217508e-04
5,2.600535664082e-05
6,1.432952300160e-06
7,6.781872567858e-08
8,2.812364988994e-09
9,1.037666269277e-10
10,3.448169073346e-12
11,1.042204782028e-13
12,2.888702592396e-15
13,7.393104766214e-17
14,1.757418309992e-18
15,3.899856351246e-20
16,8.114580351368e-22
17,1.589333769254e-23
18,2.940298995146e-25
19,5.153829273386e-27
20,8.582804108416e-29
21,1.361353879128e-30
22,2.061281238126e-32
23,2.985537941922e-34
24,4.144249452096e-36
25,5.522799737231e-38
26,7.077113093288e-40
27,8.733282880294e-42
28,1.039245290780e-43
29,1.194072515918e-45
30,1.326267037714e-47
