depth,alpha,prior,k_star,lod_vaf,k_h1,k_thr
800,5.000000000000e-02,1.000000000000e-02,2,5.603969273686e-03,5,24
800,5.000000000000e-02,5.000000000000e-01,2,5.603969273686e-03,4,24
800,1.000000000000e-03,1.000000000000e-02,4,9.371232302987e-03,5,24
800,1.000000000000e-03,5.000000000000e-01,4,9.371232302987e-03,4,24
1000,5.000000000000e-02,1.000000000000e-02,2,4.416419744717e-03,6,29
1000,5.000000000000e-02,5.000000000000e-01,2,4.416419744717e-03,4,29
1000,1.000000000000e-03,1.000000000000e-02,4,7.430230168157e-03,6,29
1000,1.000000000000e-03,5.000000000000e-01,4,7.430230168157e-03,4,29
1200,5.000000000000e-02,1.000000000000e-02,3,4.919720979533e-03,6,34
1200,5.000000000000e-02,5.000000000000e-01,3,4.919720979533e-03,4,34
1200,1.000000000000e-03,1.000000000000e-02,4,6.136228744937e-03,6,34
1200,1.000000000000e-03,5.000000000000e-01,4,6.136228744937e-03,4,34
