error_rate,depth,lambda_bg,k_star,actual_alpha,lod_vaf
1.000000000000e-04,100,3.333333333333e-03,1,3.327783945477e-03,2.992797979951e-02
1.000000000000e-04,200,6.666666666667e-03,1,6.644493744966e-03,1.494732101057e-02
1.000000000000e-04,500,1.666666666667e-02,1,1.652854617838e-02,5.958925737206e-03
1.000000000000e-04,1000,3.333333333333e-02,1,3.278389951799e-02,2.962793979418e-03
1.000000000000e-04,2000,6.666666666667e-02,2,2.125882632941e-03,2.338910780633e-03
1.000000000000e-04,5000,1.666666666667e-01,2,1.243798762762e-02,9.155616452308e-04
1.000000000000e-04,10000,3.333333333333e-01,2,4.462491923495e-02,4.411119334302e-04
5.000000000000e-04,100,1.666666666667e-02,1,1.652854617838e-02,2.981052975538e-02
5.000000000000e-04,200,3.333333333333e-02,1,3.278389951799e-02,1.482187595174e-02
5.000000000000e-04,500,8.333333333333e-02,2,3.285217484900e-03,9.327280557153e-03
5.000000000000e-04,1000,1.666666666667e-01,2,1.243798762762e-02,4.580251352626e-03
5.000000000000e-04,2000,3.333333333333e-01,2,4.462491923495e-02,2.206736750362e-03
5.000000000000e-04,5000,8.333333333333e-01,4,1.041719652439e-02,1.384987964229e-03
5.000000000000e-04,10000,1.666666666667e+00,5,2.754325678953e-02,7.491846924587e-04
1.000000000000e-03,100,3.333333333333e-02,1,3.278389951799e-02,2.966354078993e-02
1.000000000000e-03,200,6.666666666667e-02,2,2.125882632941e-03,2.341721220823e-02
1.000000000000e-03,500,1.666666666667e-01,2,1.243798762762e-02,9.166617860595e-03
1.000000000000e-03,1000,3.333333333333e-01,2,4.462491923495e-02,4.416419744717e-03
1.000000000000e-03,2000,6.666666666667e-01,3,3.021210849399e-02,2.818321239255e-03
1.000000000000e-03,5000,1.666666666667e+00,5,2.754325678953e-02,1.499369631503e-03
1.000000000000e-03,10000,3.333333333333e+00,8,2.083625452737e-02,9.827884314852e-04
2.000000000000e-03,100,6.666666666667e-02,2,2.125882632941e-03,4.689703728333e-02
2.000000000000e-03,200,1.333333333333e-01,2,8.136905084660e-03,2.311429404273e-02
2.000000000000e-03,500,3.333333333333e-01,2,4.462491923495e-02,8.844648098377e-03
2.000000000000e-03,1000,6.666666666667e-01,3,3.021210849399e-02,5.644178096797e-03
2.000000000000e-03,2000,1.333333333333e+00,4,4.649430286533e-02,3.218744917079e-03
2.000000000000e-03,5000,3.333333333333e+00,8,2.083625452737e-02,1.968204639525e-03
2.000000000000e-03,10000,6.666666666667e+00,12,3.969510674427e-02,1.157170546548e-03
5.000000000000e-03,100,1.666666666667e-01,2,1.243798762762e-02,4.607917300393e-02
5.000000000000e-03,200,3.333333333333e-01,2,4.462491923495e-02,2.220066032747e-02
5.000000000000e-03,500,8.333333333333e-01,4,1.041719652439e-02,1.393353663342e-02
5.000000000000e-03,1000,1.666666666667e+00,5,2.754325678953e-02,7.537099691246e-03
5.000000000000e-03,2000,3.333333333333e+00,8,2.083625452737e-02,4.940325739479e-03
5.000000000000e-03,5000,8.333333333333e+00,14,4.511409509531e-02,2.483604511889e-03
5.000000000000e-03,10000,1.666666666667e+01,25,3.360221205059e-02,1.720040598131e-03
1.000000000000e-02,100,3.333333333333e-01,2,4.462491923495e-02,4.470132957828e-02
1.000000000000e-02,200,6.666666666667e-01,3,3.021210849399e-02,2.852598119192e-02
1.000000000000e-02,500,1.666666666667e+00,5,2.754325678953e-02,1.517605208102e-02
1.000000000000e-02,1000,3.333333333333e+00,8,2.083625452737e-02,9.947412637600e-03
1.000000000000e-02,2000,6.666666666667e+00,12,3.969510674427e-02,5.848402492012e-03
1.000000000000e-02,5000,1.666666666667e+01,25,3.360221205059e-02,3.463324988129e-03
1.000000000000e-02,10000,3.333333333333e+01,44,4.374307306281e-02,2.241452845744e-03
