error_rate,target_vaf,min_depth,k_star,lambda_bg
1.000000000000e-04,5.000000000000e-03,596,1,1.986666666667e-02
1.000000000000e-04,1.000000000000e-02,299,1,9.966666666667e-03
1.000000000000e-04,2.000000000000e-02,150,1,5.000000000000e-03
5.000000000000e-04,5.000000000000e-03,919,2,1.531666666667e-01
5.000000000000e-04,1.000000000000e-02,295,1,4.916666666667e-02
5.000000000000e-04,2.000000000000e-02,149,1,2.483333333333e-02
1.000000000000e-03,5.000000000000e-03,891,2,2.970000000000e-01
1.000000000000e-03,1.000000000000e-02,460,2,1.533333333333e-01
1.000000000000e-03,2.000000000000e-02,148,1,4.933333333333e-02
2.000000000000e-03,5.000000000000e-03,1114,3,7.426666666667e-01
2.000000000000e-03,1.000000000000e-02,446,2,2.973333333333e-01
2.000000000000e-03,2.000000000000e-02,231,2,1.540000000000e-01
5.000000000000e-03,5.000000000000e-03,1786,7,2.976666666667e+00
5.000000000000e-03,1.000000000000e-02,669,4,1.115000000000e+00
5.000000000000e-03,2.000000000000e-02,293,3,4.883333333333e-01
1.000000000000e-02,5.000000000000e-03,2501,14,8.336666666667e+00
1.000000000000e-02,1.000000000000e-02,898,7,2.993333333333e+00
1.000000000000e-02,2.000000000000e-02,337,4,1.123333333333e+00
