error_rate,depth,true_vaf,n_sites,k_star,n_called,call_rate,analytic_power
1.000000000000e-03,200,0.000000000000e+00,400,2,2,5.000000000000e-03,2.125882632941e-03
1.000000000000e-03,200,1.000000000000e-03,400,2,10,2.500000000000e-02,2.976965869801e-02
1.000000000000e-03,200,2.500000000000e-03,400,2,43,1.075000000000e-01,1.108376172898e-01
1.000000000000e-03,200,5.000000000000e-03,400,2,115,2.875000000000e-01,2.882593570473e-01
1.000000000000e-03,200,1.000000000000e-02,400,2,261,6.525000000000e-01,6.110399921070e-01
1.000000000000e-03,200,2.000000000000e-02,400,2,371,9.275000000000e-01,9.128132910632e-01
1.000000000000e-03,500,0.000000000000e+00,400,2,5,1.250000000000e-02,1.243798762762e-02
1.000000000000e-03,500,1.000000000000e-03,400,2,47,1.175000000000e-01,1.440766542908e-01
1.000000000000e-03,500,2.500000000000e-03,400,2,173,4.325000000000e-01,4.133346435213e-01
1.000000000000e-03,500,5.000000000000e-03,400,2,311,7.775000000000e-01,7.446090711877e-01
1.000000000000e-03,500,1.000000000000e-02,400,2,385,9.625000000000e-01,9.646311299364e-01
1.000000000000e-03,500,2.000000000000e-02,400,2,399,9.975000000000e-01,9.995656217790e-01
1.000000000000e-03,1000,0.000000000000e+00,400,2,24,6.000000000000e-02,4.462491923495e-02
1.000000000000e-03,1000,1.000000000000e-03,400,2,155,3.875000000000e-01,3.844713158955e-01
1.000000000000e-03,1000,2.500000000000e-03,400,2,311,7.775000000000e-01,7.739807704460e-01
1.000000000000e-03,1000,5.000000000000e-03,400,2,393,9.825000000000e-01,9.692508572188e-01
1.000000000000e-03,1000,1.000000000000e-02,400,2,400,1.000000000000e+00,9.996268122550e-01
1.000000000000e-03,1000,2.000000000000e-02,400,2,400,1.000000000000e+00,9.999999676822e-01
1.000000000000e-03,2000,0.000000000000e+00,400,3,11,2.750000000000e-02,3.021210849399e-02
1.000000000000e-03,2000,1.000000000000e-03,400,3,208,5.200000000000e-01,4.975160490149e-01
1.000000000000e-03,2000,2.500000000000e-03,400,3,378,9.450000000000e-01,9.210241782857e-01
1.000000000000e-03,2000,5.000000000000e-03,400,3,399,9.975000000000e-01,9.983842551305e-01
1.000000000000e-03,2000,1.000000000000e-02,400,3,400,1.000000000000e+00,9.999997449808e-01
1.000000000000e-03,2000,2.000000000000e-02,400,3,400,1.000000000000e+00,1.000000000000e+00
5.000000000000e-03,200,0.000000000000e+00,400,2,11,2.750000000000e-02,4.462491923495e-02
5.000000000000e-03,200,1.000000000000e-03,400,2,40,1.000000000000e-01,1.000588697960e-01
5.000000000000e-03,200,2.500000000000e-03,400,2,89,2.225000000000e-01,2.020298060316e-01
5.000000000000e-03,200,5.000000000000e-03,400,2,145,3.625000000000e-01,3.825949815341e-01
5.000000000000e-03,200,1.000000000000e-02,400,2,266,6.650000000000e-01,6.737316957935e-01
5.000000000000e-03,200,2.000000000000e-02,400,2,376,9.400000000000e-01,9.284746091057e-01
5.000000000000e-03,500,0.000000000000e+00,400,4,3,7.500000000000e-03,1.041719652439e-02
5.000000000000e-03,500,1.000000000000e-03,400,4,21,5.250000000000e-02,4.614790231601e-02
5.000000000000e-03,500,2.500000000000e-03,400,4,65,1.625000000000e-01,1.566574216899e-01
5.000000000000e-03,500,5.000000000000e-03,400,4,164,4.100000000000e-01,4.233408300439e-01
5.000000000000e-03,500,1.000000000000e-02,400,4,330,8.250000000000e-01,8.300371133343e-01
5.000000000000e-03,500,2.000000000000e-02,400,4,399,9.975000000000e-01,9.941421747618e-01
5.000000000000e-03,1000,0.000000000000e+00,400,5,15,3.750000000000e-02,2.754325678953e-02
5.000000000000e-03,1000,1.000000000000e-03,400,5,57,1.425000000000e-01,1.311973300016e-01
5.000000000000e-03,1000,2.500000000000e-03,400,5,173,4.325000000000e-01,4.004411396358e-01
5.000000000000e-03,1000,5.000000000000e-03,400,5,314,7.850000000000e-01,7.908579813549e-01
5.000000000000e-03,1000,1.000000000000e-02,400,5,395,9.875000000000e-01,9.899680616176e-01
5.000000000000e-03,1000,2.000000000000e-02,400,5,400,1.000000000000e+00,9.999951616246e-01
5.000000000000e-03,2000,0.000000000000e+00,400,8,8,2.000000000000e-02,2.083625452737e-02
5.000000000000e-03,2000,1.000000000000e-03,400,8,63,1.575000000000e-01,1.688576268860e-01
5.000000000000e-03,2000,2.500000000000e-03,400,8,237,5.925000000000e-01,5.880742170218e-01
5.000000000000e-03,2000,5.000000000000e-03,400,8,379,9.475000000000e-01,9.530293528115e-01
5.000000000000e-03,2000,1.000000000000e-02,400,8,400,1.000000000000e+00,9.999155801239e-01
5.000000000000e-03,2000,2.000000000000e-02,400,8,400,1.000000000000e+00,9.999999999872e-01
