depth,alt_reads,error_rate,prior,pvalue,p_h1,p_vaf_ge_thr
10,0,1.000000000000e-03,1.000000000000e-03,1.000000000000e+00,7.435947420176e-04,1.436400399210e-04
10,0,1.000000000000e-03,1.000000000000e-02,1.000000000000e+00,7.453163910404e-03,1.439726105006e-03
10,0,1.000000000000e-03,1.000000000000e-01,1.000000000000e+00,7.629817497305e-02,1.473850241234e-02
10,0,1.000000000000e-03,5.000000000000e-01,1.000000000000e+00,4.264094637528e-01,8.236942642973e-02
10,0,5.000000000000e-03,1.000000000000e-03,1.000000000000e+00,7.442181907475e-04,1.441509720680e-04
10,0,5.000000000000e-03,1.000000000000e-02,1.000000000000e+00,7.459370838728e-03,1.444839122164e-03
10,0,5.000000000000e-03,1.000000000000e-01,1.000000000000e+00,7.635730470556e-02,1.478999013279e-02
10,0,5.000000000000e-03,5.000000000000e-01,1.000000000000e+00,4.266146088883e-01,8.263290434742e-02
10,1,1.000000000000e-03,1.000000000000e-03,3.327783945477e-03,3.449547906552e-02,2.778992791879e-02
10,1,1.000000000000e-03,1.000000000000e-02,3.327783945477e-03,2.649908634537e-01,2.134794817758e-01
10,1,1.000000000000e-03,1.000000000000e-01,3.327783945477e-03,7.986225930175e-01,6.433789266158e-01
10,1,1.000000000000e-03,5.000000000000e-01,3.327783945477e-03,9.727462536504e-01,7.836548151969e-01
10,1,5.000000000000e-03,1.000000000000e-03,1.652854617838e-02,7.680822332369e-03,5.831797621705e-03
10,1,5.000000000000e-03,1.000000000000e-02,1.652854617838e-02,7.244776693393e-02,5.500722404718e-02
10,1,5.000000000000e-03,1.000000000000e-01,1.652854617838e-02,4.621256919949e-01,3.508769497437e-01
10,1,5.000000000000e-03,5.000000000000e-01,1.652854617838e-02,8.854856985185e-01,6.723203801906e-01
10,2,1.000000000000e-03,1.000000000000e-03,5.543225294934e-06,9.108587103478e-01,8.932125924610e-01
10,2,1.000000000000e-03,1.000000000000e-02,5.543225294934e-06,9.903948100140e-01,9.712078347198e-01
10,2,1.000000000000e-03,1.000000000000e-01,5.543225294934e-06,9.991191089780e-01,9.797631173410e-01
10,2,1.000000000000e-03,5.000000000000e-01,5.543225294934e-06,9.999020465208e-01,9.805308869900e-01
10,2,5.000000000000e-03,1.000000000000e-03,1.373552813556e-04,2.958970761323e-01,2.885467650107e-01
10,2,5.000000000000e-03,1.000000000000e-02,1.373552813556e-04,8.091848249722e-01,7.890840510944e-01
10,2,5.000000000000e-03,1.000000000000e-01,1.373552813556e-04,9.790124989126e-01,9.546930748986e-01
10,2,5.000000000000e-03,5.000000000000e-01,1.373552813556e-04,9.976237246965e-01,9.728419835091e-01
10,3,1.000000000000e-03,1.000000000000e-03,6.157427964501e-09,9.998208959039e-01,9.984199772794e-01
10,3,1.000000000000e-03,1.000000000000e-02,6.157427964501e-09,9.999822480811e-01,9.985811033748e-01
10,3,1.000000000000e-03,1.000000000000e-01,6.157427964501e-09,9.999983861631e-01,9.985972188447e-01
10,3,1.000000000000e-03,5.000000000000e-01,6.157427964501e-09,9.999998206845e-01,9.985986513561e-01
10,3,5.000000000000e-03,1.000000000000e-03,7.620238803277e-07,9.785118300500e-01,9.767189685710e-01
10,3,5.000000000000e-03,1.000000000000e-02,7.620238803277e-07,9.978285043587e-01,9.960002502352e-01
10,3,5.000000000000e-03,1.000000000000e-01,7.620238803277e-07,9.998022008326e-01,9.979703304377e-01
10,3,5.000000000000e-03,5.000000000000e-01,7.620238803277e-07,9.999780184499e-01,9.981458259162e-01
10,4,1.000000000000e-03,1.000000000000e-03,5.130334534528e-12,9.999997627497e-01,9.999161670663e-01
10,4,1.000000000000e-03,1.000000000000e-02,5.130334534528e-12,9.999999764887e-01,9.999163807875e-01
10,4,1.000000000000e-03,1.000000000000e-01,5.130334534528e-12,9.999999978626e-01,9.999164021596e-01
10,4,1.000000000000e-03,5.000000000000e-01,5.130334534528e-12,9.999999997625e-01,9.999164040593e-01
10,4,5.000000000000e-03,1.000000000000e-03,3.172449909802e-09,9.998541099019e-01,9.997398750888e-01
10,4,5.000000000000e-03,1.000000000000e-02,3.172449909802e-09,9.999855405223e-01,9.998712906931e-01
10,4,5.000000000000e-03,1.000000000000e-01,3.172449909802e-09,9.999986854847e-01,9.998844341537e-01
10,4,5.000000000000e-03,5.000000000000e-01,3.172449909802e-09,9.999998539426e-01,9.998856024781e-01
10,5,1.000000000000e-03,1.000000000000e-03,3.419842889647e-15,9.999999997401e-01,9.999955772645e-01
10,5,1.000000000000e-03,1.000000000000e-02,3.419842889647e-15,9.999999999742e-01,9.999955774986e-01
10,5,1.000000000000e-03,1.000000000000e-01,3.419842889647e-15,9.999999999977e-01,9.999955775220e-01
10,5,1.000000000000e-03,5.000000000000e-01,3.419842889647e-15,9.999999999997e-01,9.999955775241e-01
10,5,5.000000000000e-03,1.000000000000e-03,1.056894972767e-11,9.999991988035e-01,9.999928234615e-01
10,5,5.000000000000e-03,1.000000000000e-02,1.056894972767e-11,9.999999206021e-01,9.999935452556e-01
10,5,5.000000000000e-03,1.000000000000e-01,1.056894972767e-11,9.999999927820e-01,9.999936174350e-01
10,5,5.000000000000e-03,5.000000000000e-01,1.056894972767e-11,9.999999991980e-01,9.999936238510e-01
20,0,1.000000000000e-03,1.000000000000e-03,1.000000000000e+00,6.624981148053e-04,8.264765531143e-05
20,0,1.000000000000e-03,1.000000000000e-02,1.000000000000e+00,6.645186219012e-03,8.289971666870e-04
20,0,1.000000000000e-03,1.000000000000e-01,1.000000000000e+00,6.854228587403e-02,8.550755225679e-03
20,0,1.000000000000e-03,5.000000000000e-01,1.000000000000e+00,3.984145958598e-01,4.970283153083e-02
20,0,5.000000000000e-03,1.000000000000e-03,1.000000000000e+00,6.631253304212e-04,8.306992693035e-05
20,0,5.000000000000e-03,1.000000000000e-02,1.000000000000e+00,6.651439804992e-03,8.332280388555e-04
20,0,5.000000000000e-03,1.000000000000e-01,1.000000000000e+00,6.860276615927e-02,8.593890944341e-03
20,0,5.000000000000e-03,5.000000000000e-01,1.000000000000e+00,3.986415765655e-01,4.993796062000e-02
20,1,1.000000000000e-03,1.000000000000e-03,6.644493744966e-03,1.792870828091e-02,1.169475639123e-02
20,1,1.000000000000e-03,1.000000000000e-02,6.644493744966e-03,1.555621600439e-01,1.014719820805e-01
20,1,1.000000000000e-03,1.000000000000e-01,6.644493744966e-03,6.695763411098e-01,4.367594180193e-01
20,1,1.000000000000e-03,5.000000000000e-01,6.644493744966e-03,9.480188935608e-01,6.183853203903e-01
20,1,5.000000000000e-03,1.000000000000e-03,3.278389951799e-02,4.164791522100e-03,2.443057653517e-03
20,1,5.000000000000e-03,1.000000000000e-02,3.278389951799e-02,4.049338266111e-02,2.375333024525e-02
20,1,5.000000000000e-03,1.000000000000e-01,3.278389951799e-02,3.170449745286e-01,1.859778928720e-01
20,1,5.000000000000e-03,5.000000000000e-01,3.278389951799e-02,8.068762612334e-01,4.733118608669e-01
20,2,1.000000000000e-03,1.000000000000e-03,2.212370326536e-05,7.281771742987e-01,6.807927872034e-01
20,2,1.000000000000e-03,1.000000000000e-02,2.212370326536e-05,9.643267417152e-01,9.015754866244e-01
20,2,1.000000000000e-03,1.000000000000e-01,2.212370326536e-05,9.966482794346e-01,9.317937776219e-01
20,2,1.000000000000e-03,5.000000000000e-01,2.212370326536e-05,9.996264737544e-01,9.345781730731e-01
20,2,5.000000000000e-03,1.000000000000e-03,5.433628352606e-04,1.018654455233e-01,9.350798370558e-02
20,2,5.000000000000e-03,1.000000000000e-02,5.433628352606e-04,5.336908255688e-01,4.899046262917e-01
20,2,5.000000000000e-03,1.000000000000e-01,5.433628352606e-04,9.264137722031e-01,8.504069605823e-01
20,2,5.000000000000e-03,5.000000000000e-01,5.433628352606e-04,9.912515141823e-01,9.099251464534e-01
20,3,1.000000000000e-03,1.000000000000e-03,4.913645968776e-08,9.987501083983e-01,9.903017625766e-01
20,3,1.000000000000e-03,1.000000000000e-02,4.913645968776e-08,9.998759972377e-01,9.914181276139e-01
20,3,1.000000000000e-03,1.000000000000e-01,4.913645968776e-08,9.999887257507e-01,9.915299025656e-01
20,3,1.000000000000e-03,5.000000000000e-01,4.913645968776e-08,9.999987472931e-01,9.915398393366e-01
20,3,5.000000000000e-03,1.000000000000e-03,6.020557215009e-06,8.693881885729e-01,8.599021684056e-01
20,3,5.000000000000e-03,1.000000000000e-02,6.020557215009e-06,9.853303323191e-01,9.745792506656e-01
20,3,5.000000000000e-03,1.000000000000e-01,6.020557215009e-06,9.986483684051e-01,9.877519717352e-01
20,3,5.000000000000e-03,5.000000000000e-01,6.020557215009e-06,9.998496380593e-01,9.889401341626e-01
20,4,1.000000000000e-03,1.000000000000e-03,8.186678628016e-11,9.999971945096e-01,9.991523644624e-01
20,4,1.000000000000e-03,1.000000000000e-02,8.186678628016e-11,9.999997219777e-01,9.991548897952e-01
20,4,1.000000000000e-03,1.000000000000e-01,8.186678628016e-11,9.999999747252e-01,9.991551423292e-01
20,4,1.000000000000e-03,5.000000000000e-01,8.186678628016e-11,9.999999971917e-01,9.991551647766e-01
20,4,5.000000000000e-03,1.000000000000e-03,5.008745894729e-08,9.983106505465e-01,9.971743933374e-01
20,4,5.000000000000e-03,1.000000000000e-02,5.008745894729e-08,9.998323318108e-01,9.986943426545e-01
20,4,5.000000000000e-03,1.000000000000e-01,5.008745894729e-08,9.999847551136e-01,9.988465924722e-01
20,4,5.000000000000e-03,5.000000000000e-01,5.008745894729e-08,9.999983061008e-01,9.988601280359e-01
20,5,1.000000000000e-03,1.000000000000e-03,1.091314443503e-13,9.999999952301e-01,9.999311267594e-01
20,5,1.000000000000e-03,1.000000000000e-02,1.091314443503e-13,9.999999995273e-01,9.999311310563e-01
20,5,1.000000000000e-03,1.000000000000e-01,1.091314443503e-13,9.999999999570e-01,9.999311314860e-01
20,5,1.000000000000e-03,5.000000000000e-01,1.091314443503e-13,9.999999999952e-01,9.999311315242e-01
20,5,5.000000000000e-03,1.000000000000e-03,3.335443134437e-10,9.999855780818e-01,9.998878202598e-01
20,5,5.000000000000e-03,1.000000000000e-02,3.335443134437e-10,9.999985707823e-01,9.999008116902e-01
20,5,5.000000000000e-03,1.000000000000e-01,3.335443134437e-10,9.999998700710e-01,9.999021108518e-01
20,5,5.000000000000e-03,5.000000000000e-01,3.335443134437e-10,9.999999855634e-01,9.999022263330e-01
50,0,1.000000000000e-03,1.000000000000e-03,1.000000000000e+00,5.552917903552e-04,2.585387376982e-05
50,0,1.000000000000e-03,1.000000000000e-02,1.000000000000e+00,5.575254493138e-03,2.595787087146e-04
50,0,1.000000000000e-03,1.000000000000e-01,1.000000000000e+00,5.808917981675e-02,2.704578652989e-03
50,0,1.000000000000e-03,5.000000000000e-01,1.000000000000e+00,3.569316731838e-01,1.661840960595e-02
50,0,5.000000000000e-03,1.000000000000e-03,1.000000000000e+00,5.559172984509e-04,2.608631889466e-05
50,0,5.000000000000e-03,1.000000000000e-02,1.000000000000e+00,5.581503155681e-03,2.619110281986e-04
50,0,5.000000000000e-03,1.000000000000e-01,1.000000000000e+00,5.815084354497e-02,2.728717837950e-03
50,0,5.000000000000e-03,5.000000000000e-01,1.000000000000e+00,3.571902685342e-01,1.676108888322e-02
50,1,1.000000000000e-03,1.000000000000e-03,1.652854617838e-02,7.515197032320e-03,2.605366180709e-03
50,1,1.000000000000e-03,1.000000000000e-02,1.652854617838e-02,7.098544627876e-02,2.460921254118e-02
50,1,1.000000000000e-03,1.000000000000e-01,1.652854617838e-02,4.566703927499e-01,1.583183503885e-01
50,1,1.000000000000e-03,5.000000000000e-01,1.652854617838e-02,8.832393710376e-01,3.062011517297e-01
50,1,5.000000000000e-03,1.000000000000e-03,7.995558537068e-02,1.955732066526e-03,5.476510597548e-04
50,1,5.000000000000e-03,1.000000000000e-02,7.995558537068e-02,1.939036576130e-02,5.429759290633e-03
50,1,5.000000000000e-03,1.000000000000e-01,7.995558537068e-02,1.786526257912e-01,5.002694465010e-02
50,1,5.000000000000e-03,5.000000000000e-01,7.995558537068e-02,6.618885757744e-01,1.853443966925e-01
50,2,1.000000000000e-03,1.000000000000e-03,1.373552813556e-04,3.044353592770e-01,2.203733758725e-01
50,2,1.000000000000e-03,1.000000000000e-02,1.373552813556e-04,8.153822815384e-01,5.902354655385e-01
50,2,1.000000000000e-03,1.000000000000e-01,1.373552813556e-04,9.798316263942e-01,7.092763593820e-01
50,2,1.000000000000e-03,5.000000000000e-01,1.373552813556e-04,9.977181620796e-01,7.222239889248e-01
50,2,5.000000000000e-03,1.000000000000e-03,3.285217484900e-03,1.988323334658e-02,1.329883446910e-02
50,2,5.000000000000e-03,1.000000000000e-02,3.285217484900e-03,1.699248505449e-01,1.136536709193e-01
50,2,5.000000000000e-03,1.000000000000e-01,3.285217484900e-03,6.924791667831e-01,4.631623867119e-01
50,2,5.000000000000e-03,5.000000000000e-01,3.285217484900e-03,9.529772675390e-01,6.373956746828e-01
50,3,1.000000000000e-03,1.000000000000e-03,7.620238803277e-07,9.811543301258e-01,8.981008795741e-01
50,3,1.000000000000e-03,1.000000000000e-02,7.620238803277e-07,9.981001553777e-01,9.136122625406e-01
50,3,1.000000000000e-03,1.000000000000e-01,7.620238803277e-07,9.998269880381e-01,9.151929210401e-01
50,3,1.000000000000e-03,5.000000000000e-01,7.620238803277e-07,9.999807734919e-01,9.153336887532e-01
50,3,5.000000000000e-03,1.000000000000e-03,9.061882299244e-05,3.158702199923e-01,2.826725527683e-01
50,3,5.000000000000e-03,1.000000000000e-02,9.061882299244e-05,8.232929369839e-01,7.367656127224e-01
50,3,5.000000000000e-03,1.000000000000e-01,9.061882299244e-05,9.808612136043e-01,8.777736095784e-01
50,3,5.000000000000e-03,5.000000000000e-01,9.061882299244e-05,9.978366649720e-01,8.929649567483e-01
50,4,1.000000000000e-03,1.000000000000e-03,3.172449909802e-09,9.998929973252e-01,9.796311426065e-01
50,4,1.000000000000e-03,1.000000000000e-02,3.172449909802e-09,9.999893951090e-01,9.797255869834e-01
50,4,1.000000000000e-03,1.000000000000e-01,3.172449909802e-09,9.999990359097e-01,9.797350324227e-01
50,4,1.000000000000e-03,5.000000000000e-01,3.172449909802e-09,9.999998928788e-01,9.797358720261e-01
50,4,5.000000000000e-03,1.000000000000e-03,1.879971272793e-06,9.423785790772e-01,9.175973135465e-01
50,4,5.000000000000e-03,1.000000000000e-02,1.879971272793e-06,9.939771139136e-01,9.678389871160e-01
50,4,5.000000000000e-03,1.000000000000e-01,1.879971272793e-06,9.994494504492e-01,9.731674203119e-01
50,4,5.000000000000e-03,5.000000000000e-01,1.879971272793e-06,9.999387978768e-01,9.736438996110e-01
50,5,1.000000000000e-03,1.000000000000e-03,1.056894972767e-11,9.999995534807e-01,9.960409213743e-01
50,5,1.000000000000e-03,1.000000000000e-02,1.056894972767e-11,9.999999557503e-01,9.960413220515e-01
50,5,1.000000000000e-03,1.000000000000e-01,1.056894972767e-11,9.999999959773e-01,9.960413621193e-01
50,5,1.000000000000e-03,5.000000000000e-01,1.056894972767e-11,9.999999995530e-01,9.960413656808e-01
50,5,5.000000000000e-03,1.000000000000e-03,3.124519530047e-08,9.987183063668e-01,9.933135020840e-01
50,5,5.000000000000e-03,1.000000000000e-02,3.124519530047e-08,9.998728384849e-01,9.944617861739e-01
50,5,5.000000000000e-03,1.000000000000e-01,3.124519530047e-08,9.999884385257e-01,9.945767606173e-01
50,5,5.000000000000e-03,5.000000000000e-01,3.124519530047e-08,9.999987153785e-01,9.945869818544e-01
