alt_reads,prior,pvalue,p_h1,p_vaf_ge_thr
0,1.000000000000e-02,1.000000000000e+00,2.158668100605e-03,1.212239762648e-13
0,5.000000000000e-01,1.000000000000e+00,1.763924186101e-01,9.905640594264e-12
1,1.000000000000e-02,2.834686894262e-01,5.354235454797e-03,7.703634002661e-12
1,5.000000000000e-01,2.834686894262e-01,3.476513867185e-01,5.001982199713e-10
2,1.000000000000e-02,4.462491923495e-02,1.886387584587e-02,4.854421422403e-10
2,5.000000000000e-01,4.462491923495e-02,6.555797526878e-01,1.687066020548e-08
3,1.000000000000e-02,4.817624203070e-03,9.724933364207e-02,2.859644009235e-08
3,5.000000000000e-01,4.817624203070e-03,9.142722316466e-01,2.688443213052e-07
4,1.000000000000e-02,3.945914217508e-04,4.767914800453e-01,1.063635371062e-06
4,5.000000000000e-01,3.945914217508e-04,9.890371435211e-01,2.206362599103e-06
5,1.000000000000e-02,2.600535664082e-05,9.135185084720e-01,1.131216828227e-05
5,5.000000000000e-01,2.600535664082e-05,9.990446653479e-01,1.237124510463e-05
6,1.000000000000e-02,1.432952300160e-06,9.936042309672e-01,5.398284602473e-05
6,5.000000000000e-01,1.432952300160e-06,9.999349846495e-01,5.432679796313e-05
7,1.000000000000e-02,6.781872567858e-08,9.996380211568e-01,1.977607916679e-04
7,5.000000000000e-01,6.781872567858e-08,9.999963423374e-01,1.978316792080e-04
8,1.000000000000e-02,2.812364988994e-09,9.999826067695e-01,6.171894069255e-04
8,5.000000000000e-01,2.812364988994e-09,9.999998243078e-01,6.172000335926e-04
9,1.000000000000e-02,1.037666269277e-10,9.999992706259e-01,1.687362082255e-03
9,5.000000000000e-01,1.037666269277e-10,9.999999926326e-01,1.687363300542e-03
10,1.000000000000e-02,3.448169073346e-12,9.999999728532e-01,4.111562158027e-03
10,5.000000000000e-01,3.448169073346e-12,9.999999997258e-01,4.111562268515e-03
11,1.000000000000e-02,1.042204782028e-13,9.999999990916e-01,9.049256238596e-03
11,5.000000000000e-01,1.042204782028e-13,9.999999999908e-01,9.049256246734e-03
12,1.000000000000e-02,2.888702592396e-15,9.999999999724e-01,1.818607645862e-02
12,5.000000000000e-01,2.888702592396e-15,9.999999999997e-01,1.818607645912e-02
13,1.000000000000e-02,7.393104766214e-17,9.999999999992e-01,3.367635956679e-02
13,5.000000000000e-01,7.393104766214e-17,1.000000000000e+00,3.367635956682e-02
14,1.000000000000e-02,1.757418309992e-18,1.000000000000e+00,5.790864806165e-02
14,5.000000000000e-01,1.757418309992e-18,1.000000000000e+00,5.790864806165e-02
15,1.000000000000e-02,3.899856351246e-20,1.000000000000e+00,9.309821350706e-02
15,5.000000000000e-01,3.899856351246e-20,1.000000000000e+00,9.309821350706e-02
16,1.000000000000e-02,8.114580351368e-22,1.000000000000e+00,1.407814386131e-01
16,5.000000000000e-01,8.114580351368e-22,1.000000000000e+00,1.407814386131e-01
17,1.000000000000e-02,1.589333769254e-23,1.000000000000e+00,2.013439377974e-01
17,5.000000000000e-01,1.589333769254e-23,1.000000000000e+00,2.013439377974e-01
18,1.000000000000e-02,2.940298995146e-25,1.000000000000e+00,2.737280416675e-01
18,5.000000000000e-01,2.940298995146e-25,1.000000000000e+00,2.737280416675e-01
19,1.000000000000e-02,5.153829273386e-27,1.000000000000e+00,3.554240538722e-01
19,5.000000000000e-01,5.153829273386e-27,1.000000000000e+00,3.554240538722e-01
20,1.000000000000e-02,8.582804108416e-29,1.000000000000e+00,4.427671152087e-01
20,5.000000000000e-01,8.582804108416e-29,1.000000000000e+00,4.427671152087e-01
21,1.000000000000e-02,1.361353879128e-30,1.000000000000e+00,5.314700265111e-01
21,5.000000000000e-01,1.361353879128e-30,1.000000000000e+00,5.314700265111e-01
22,1.000000000000e-02,2.061281238126e-32,1.000000000000e+00,6.172571798293e-01
22,5.000000000000e-01,2.061281238126e-32,1.000000000000e+00,6.172571798293e-01
23,1.000000000000e-02,2.985537941922e-34,1.000000000000e+00,6.964475364055e-01
23,5.000000000000e-01,2.985537941922e-34,1.000000000000e+00,6.964475364055e-01
24,1.000000000000e-02,4.144249452096e-36,1.000000000000e+00,7.663657319275e-01
24,5.000000000000e-01,4.144249452096e-36,1.000000000000e+00,7.663657319275e-01
25,1.000000000000e-02,5.522799737231e-38,1.000000000000e+00,8.255220394659e-01
25,5.000000000000e-01,5.522799737231e-38,1.000000000000e+00,8.255220394659e-01
26,1.000000000000e-02,7.077113093288e-40,1.000000000000e+00,8.735685948512e-01
26,5.000000000000e-01,7.077113093288e-40,1.000000000000e+00,8.735685948512e-01
27,1.000000000000e-02,8.733282880294e-42,1.000000000000e+00,9.110893513026e-01
27,5.000000000000e-01,8.733282880294e-42,1.000000000000e+00,9.110893513026e-01
28,1.000000000000e-02,1.039245290780e-43,1.000000000000e+00,9.393039557257e-01
28,5.000000000000e-01,1.039245290780e-43,1.000000000000e+00,9.393039557257e-01
29,1.000000000000e-02,1.194072515918e-45,1.000000000000e+00,9.597621481278e-01
29,5.000000000000e-01,1.194072515918e-45,1.000000000000e+00,9.597621481277e-01
30,1.000000000000e-02,1.326267037714e-47,1.000000000000e+00,9.740842658697e-01
30,5.000000000000e-01,1.326267037714e-47,1.000000000000e+00,9.740842658697e-01
