alt_reads,p_error_only,p_variant_average,p_vaf_1,p_vaf_2,p_vaf_3
0,7.165313105738e-01,1.534598439086e-01,9.723090487461e-02,4.860243853716e-03,1.516794414790e-09
1,2.388437701913e-01,1.272852677626e-01,2.266128289611e-01,2.588889892746e-02,3.080103858301e-08
2,3.980729503188e-02,7.577039049192e-02,2.640794833493e-01,6.895076747681e-02,3.127332117462e-07
3,4.423032781320e-03,4.717090073960e-02,2.051604163976e-01,1.224259182533e-01,2.116856362175e-06
4,3.685860651100e-04,3.325276671103e-02,1.195401359543e-01,1.630305144739e-01,1.074657413198e-05
5,2.457240434066e-05,2.569668065222e-02,5.572164203952e-02,1.736818414196e-01,4.364541974133e-05
6,1.365133574481e-06,2.099573114027e-02,2.164476228557e-02,1.541908792158e-01,1.477154983690e-04
7,6.500636068959e-08,1.777258606994e-02,7.206675138130e-03,1.173319166604e-01,4.285156266971e-04
8,2.708598362066e-09,1.541672050579e-02,2.099544690242e-03,7.812350117639e-02,1.087715499099e-03
9,1.003184578543e-10,1.361649754075e-02,5.437043138582e-04,4.623753884440e-02,2.454208452042e-03
10,3.343948595143e-12,1.219484036578e-02,1.267193520832e-04,2.462919569112e-02,4.983679296614e-03
11,1.013317756104e-13,1.104313799434e-02,2.684914272018e-05,1.192650142861e-02,9.200174022718e-03
12,2.814771544734e-15,1.009088476228e-02,5.214700163874e-06,5.294041467476e-03,1.556873892956e-02
13,7.217362935214e-17,9.290246107954e-03,9.349021422002e-07,2.169199555135e-03,2.431916860483e-02
14,1.718419746480e-18,8.607594275140e-03,1.556389471015e-07,8.253287831205e-04,3.527437503349e-02
15,3.818710547732e-20,8.018584616068e-03,2.418283373631e-08,2.930834212059e-04,4.775366504533e-02
