site_id,true_vaf,depth,alt_reads
1,0.000000000000e+00,50,0
2,0.000000000000e+00,50,0
3,0.000000000000e+00,50,0
4,0.000000000000e+00,50,0
5,0.000000000000e+00,50,0
6,0.000000000000e+00,50,0
7,0.000000000000e+00,50,0
8,0.000000000000e+00,50,0
9,0.000000000000e+00,50,0
10,0.000000000000e+00,50,0
11,0.000000000000e+00,50,1
12,0.000000000000e+00,50,0
13,0.000000000000e+00,50,0
14,0.000000000000e+00,50,0
15,0.000000000000e+00,50,0
16,0.000000000000e+00,50,0
17,0.000000000000e+00,50,0
18,0.000000000000e+00,50,0
19,0.000000000000e+00,50,0
20,0.000000000000e+00,50,0
21,0.000000000000e+00,50,0
22,0.000000000000e+00,50,0
23,0.000000000000e+00,50,0
24,0.000000000000e+00,50,0
25,0.000000000000e+00,50,0
26,0.000000000000e+00,50,0
27,0.000000000000e+00,50,0
28,0.000000000000e+00,50,1
29,0.000000000000e+00,50,0
30,0.000000000000e+00,50,0
31,0.000000000000e+00,50,0
32,0.000000000000e+00,50,0
33,0.000000000000e+00,50,0
34,0.000000000000e+00,50,0
35,0.000000000000e+00,50,0
36,0.000000000000e+00,50,0
37,0.000000000000e+00,50,0
38,0.000000000000e+00,50,0
39,0.000000000000e+00,50,0
40,0.000000000000e+00,50,0
41,0.000000000000e+00,50,0
42,0.000000000000e+00,50,0
43,0.000000000000e+00,50,0
44,0.000000000000e+00,50,0
45,0.000000000000e+00,50,0
46,0.000000000000e+00,50,0
47,0.000000000000e+00,50,0
48,0.000000000000e+00,50,0
49,0.000000000000e+00,50,0
50,0.000000000000e+00,50,0
51,0.000000000000e+00,50,0
52,0.000000000000e+00,50,0
53,0.000000000000e+00,50,0
54,0.000000000000e+00,50,0
55,0.000000000000e+00,50,0
56,0.000000000000e+00,50,0
57,0.000000000000e+00,50,0
58,0.000000000000e+00,50,0
59,0.000000000000e+00,50,0
60,0.000000000000e+00,50,0
61,0.000000000000e+00,50,0
62,0.000000000000e+00,50,0
63,0.000000000000e+00,50,0
64,0.000000000000e+00,50,0
65,0.000000000000e+00,50,0
66,0.000000000000e+00,50,0
67,0.000000000000e+00,50,0
68,0.000000000000e+00,50,0
69,0.000000000000e+00,50,0
70,0.000000000000e+00,50,0
71,0.000000000000e+00,50,0
72,0.000000000000e+00,50,0
73,0.000000000000e+00,50,0
74,0.000000000000e+00,50,0
75,0.000000000000e+00,50,0
76,0.000000000000e+00,50,0
77,0.000000000000e+00,50,0
78,0.000000000000e+00,50,0
79,0.000000000000e+00,50,0
80,0.000000000000e+00,50,0
81,0.000000000000e+00,50,0
82,0.000000000000e+00,50,0
83,0.000000000000e+00,50,0
84,0.000000000000e+00,50,0
85,0.000000000000e+00,50,0
86,0.000000000000e+00,50,0
87,0.000000000000e+00,50,0
88,0.000000000000e+00,50,0
89,0.000000000000e+00,50,0
90,0.000000000000e+00,50,0
91,0.000000000000e+00,50,0
92,0.000000000000e+00,50,0
93,0.000000000000e+00,50,0
94,0.000000000000e+00,50,0
95,0.000000000000e+00,50,0
96,0.000000000000e+00,50,0
97,0.000000000000e+00,50,0
98,0.000000000000e+00,50,0
99,0.000000000000e+00,50,0
100,0.000000000000e+00,50,0
101,0.000000000000e+00,50,0
102,0.000000000000e+00,50,0
103,0.000000000000e+00,50,0
104,0.000000000000e+00,50,0
105,0.000000000000e+00,50,0
106,0.000000000000e+00,50,0
107,0.000000000000e+00,50,0
108,0.000000000000e+00,50,0
109,0.000000000000e+00,50,0
110,0.000000000000e+00,50,0
111,0.000000000000e+00,50,0
112,0.000000000000e+00,50,1
113,0.000000000000e+00,50,0
114,0.000000000000e+00,50,0
115,0.000000000000e+00,50,0
116,0.000000000000e+00,50,0
117,0.000000000000e+00,50,0
118,0.000000000000e+00,50,0
119,0.000000000000e+00,50,0
120,0.000000000000e+00,50,0
121,0.000000000000e+00,50,0
122,0.000000000000e+00,50,0
123,0.000000000000e+00,50,0
124,0.000000000000e+00,50,0
125,0.000000000000e+00,50,0
126,0.000000000000e+00,50,0
127,0.000000000000e+00,50,0
128,0.000000000000e+00,50,0
129,0.000000000000e+00,50,0
130,0.000000000000e+00,50,0
131,0.000000000000e+00,50,0
132,0.000000000000e+00,50,0
133,0.000000000000e+00,50,0
134,0.000000000000e+00,50,0
135,0.000000000000e+00,50,0
136,0.000000000000e+00,50,0
137,0.000000000000e+00,50,0
138,0.000000000000e+00,50,0
139,0.000000000000e+00,50,0
140,0.000000000000e+00,50,0
141,0.000000000000e+00,50,0
142,0.000000000000e+00,50,0
143,0.000000000000e+00,50,0
144,0.000000000000e+00,50,0
145,0.000000000000e+00,50,0
146,0.000000000000e+00,50,0
147,0.000000000000e+00,50,0
148,0.000000000000e+00,50,0
149,0.000000000000e+00,50,0
150,0.000000000000e+00,50,0
151,0.000000000000e+00,50,0
152,0.000000000000e+00,50,0
153,0.000000000000e+00,50,0
154,0.000000000000e+00,50,0
155,0.000000000000e+00,50,0
156,0.000000000000e+00,50,0
157,0.000000000000e+00,50,0
158,0.000000000000e+00,50,0
159,0.000000000000e+00,50,0
160,0.000000000000e+00,50,0
161,0.000000000000e+00,50,0
162,0.000000000000e+00,50,0
163,0.000000000000e+00,50,0
164,0.000000000000e+00,50,0
165,0.000000000000e+00,50,0
166,0.000000000000e+00,50,0
167,0.000000000000e+00,50,0
168,0.000000000000e+00,50,0
169,0.000000000000e+00,50,0
170,0.000000000000e+00,50,0
171,0.000000000000e+00,50,0
172,0.000000000000e+00,50,0
173,0.000000000000e+00,50,0
174,0.000000000000e+00,50,0
175,0.000000000000e+00,50,0
176,0.000000000000e+00,50,0
177,0.000000000000e+00,50,0
178,0.000000000000e+00,50,0
179,0.000000000000e+00,50,0
180,0.000000000000e+00,50,0
181,0.000000000000e+00,50,0
182,0.000000000000e+00,50,0
183,0.000000000000e+00,50,0
184,0.000000000000e+00,50,0
185,0.000000000000e+00,50,0
186,0.000000000000e+00,50,0
187,0.000000000000e+00,50,0
188,0.000000000000e+00,50,0
189,0.000000000000e+00,50,0
190,0.000000000000e+00,50,0
191,0.000000000000e+00,50,0
192,0.000000000000e+00,50,0
193,0.000000000000e+00,50,0
194,0.000000000000e+00,50,0
195,0.000000000000e+00,50,0
196,0.000000000000e+00,50,0
197,0.000000000000e+00,50,0
198,0.000000000000e+00,50,0
199,0.000000000000e+00,50,0
200,0.000000000000e+00,50,0
201,0.000000000000e+00,100,0
202,0.000000000000e+00,100,0
203,0.000000000000e+00,100,0
204,0.000000000000e+00,100,0
205,0.000000000000e+00,100,0
206,0.000000000000e+00,100,0
207,0.000000000000e+00,100,0
208,0.000000000000e+00,100,0
209,0.000000000000e+00,100,0
210,0.000000000000e+00,100,0
211,0.000000000000e+00,100,0
212,0.000000000000e+00,100,0
213,0.000000000000e+00,100,0
214,0.000000000000e+00,100,0
215,0.000000000000e+00,100,0
216,0.000000000000e+00,100,0
217,0.000000000000e+00,100,0
218,0.000000000000e+00,100,0
219,0.000000000000e+00,100,0
220,0.000000000000e+00,100,0
221,0.000000000000e+00,100,0
222,0.000000000000e+00,100,0
223,0.000000000000e+00,100,0
224,0.000000000000e+00,100,0
225,0.000000000000e+00,100,0
226,0.000000000000e+00,100,0
227,0.000000000000e+00,100,0
228,0.000000000000e+00,100,0
229,0.000000000000e+00,100,0
230,0.000000000000e+00,100,0
231,0.000000000000e+00,100,0
232,0.000000000000e+00,100,0
233,0.000000000000e+00,100,0
234,0.000000000000e+00,100,0
235,0.000000000000e+00,100,0
236,0.000000000000e+00,100,0
237,0.000000000000e+00,100,0
238,0.000000000000e+00,100,0
239,0.000000000000e+00,100,0
240,0.000000000000e+00,100,0
241,0.000000000000e+00,100,1
242,0.000000000000e+00,100,0
243,0.000000000000e+00,100,0
244,0.000000000000e+00,100,0
245,0.000000000000e+00,100,0
246,0.000000000000e+00,100,0
247,0.000000000000e+00,100,0
248,0.000000000000e+00,100,0
249,0.000000000000e+00,100,0
250,0.000000000000e+00,100,0
251,0.000000000000e+00,100,0
252,0.000000000000e+00,100,0
253,0.000000000000e+00,100,0
254,0.000000000000e+00,100,0
255,0.000000000000e+00,100,0
256,0.000000000000e+00,100,0
257,0.000000000000e+00,100,0
258,0.000000000000e+00,100,0
259,0.000000000000e+00,100,0
260,0.000000000000e+00,100,1
261,0.000000000000e+00,100,0
262,0.000000000000e+00,100,0
263,0.000000000000e+00,100,0
264,0.000000000000e+00,100,0
265,0.000000000000e+00,100,1
266,0.000000000000e+00,100,0
267,0.000000000000e+00,100,0
268,0.000000000000e+00,100,0
269,0.000000000000e+00,100,0
270,0.000000000000e+00,100,0
271,0.000000000000e+00,100,0
272,0.000000000000e+00,100,0
273,0.000000000000e+00,100,0
274,0.000000000000e+00,100,0
275,0.000000000000e+00,100,0
276,0.000000000000e+00,100,0
277,0.000000000000e+00,100,0
278,0.000000000000e+00,100,0
279,0.000000000000e+00,100,0
280,0.000000000000e+00,100,0
281,0.000000000000e+00,100,0
282,0.000000000000e+00,100,0
283,0.000000000000e+00,100,0
284,0.000000000000e+00,100,0
285,0.000000000000e+00,100,0
286,0.000000000000e+00,100,0
287,0.000000000000e+00,100,0
288,0.000000000000e+00,100,0
289,0.000000000000e+00,100,0
290,0.000000000000e+00,100,0
291,0.000000000000e+00,100,0
292,0.000000000000e+00,100,0
293,0.000000000000e+00,100,0
294,0.000000000000e+00,100,0
295,0.000000000000e+00,100,1
296,0.000000000000e+00,100,0
297,0.000000000000e+00,100,0
298,0.000000000000e+00,100,0
299,0.000000000000e+00,100,0
300,0.000000000000e+00,100,0
301,0.000000000000e+00,100,0
302,0.000000000000e+00,100,0
303,0.000000000000e+00,100,0
304,0.000000000000e+00,100,0
305,0.000000000000e+00,100,0
306,0.000000000000e+00,100,0
307,0.000000000000e+00,100,0
308,0.000000000000e+00,100,0
309,0.000000000000e+00,100,0
310,0.000000000000e+00,100,0
311,0.000000000000e+00,100,0
312,0.000000000000e+00,100,0
313,0.000000000000e+00,100,0
314,0.000000000000e+00,100,0
315,0.000000000000e+00,100,0
316,0.000000000000e+00,100,0
317,0.000000000000e+00,100,0
318,0.000000000000e+00,100,0
319,0.000000000000e+00,100,1
320,0.000000000000e+00,100,0
321,0.000000000000e+00,100,0
322,0.000000000000e+00,100,0
323,0.000000000000e+00,100,0
324,0.000000000000e+00,100,0
325,0.000000000000e+00,100,0
326,0.000000000000e+00,100,0
327,0.000000000000e+00,100,0
328,0.000000000000e+00,100,0
329,0.000000000000e+00,100,1
330,0.000000000000e+00,100,0
331,0.000000000000e+00,100,0
332,0.000000000000e+00,100,0
333,0.000000000000e+00,100,0
334,0.000000000000e+00,100,0
335,0.000000000000e+00,100,0
336,0.000000000000e+00,100,0
337,0.000000000000e+00,100,0
338,0.000000000000e+00,100,0
339,0.000000000000e+00,100,0
340,0.000000000000e+00,100,0
341,0.000000000000e+00,100,0
342,0.000000000000e+00,100,0
343,0.000000000000e+00,100,0
344,0.000000000000e+00,100,0
345,0.000000000000e+00,100,0
346,0.000000000000e+00,100,0
347,0.000000000000e+00,100,0
348,0.000000000000e+00,100,0
349,0.000000000000e+00,100,0
350,0.000000000000e+00,100,0
351,0.000000000000e+00,100,0
352,0.000000000000e+00,100,0
353,0.000000000000e+00,100,0
354,0.000000000000e+00,100,0
355,0.000000000000e+00,100,0
356,0.000000000000e+00,100,0
357,0.000000000000e+00,100,0
358,0.000000000000e+00,100,0
359,0.000000000000e+00,100,0
360,0.000000000000e+00,100,0
361,0.000000000000e+00,100,0
362,0.000000000000e+00,100,1
363,0.000000000000e+00,100,0
364,0.000000000000e+00,100,0
365,0.000000000000e+00,100,0
366,0.000000000000e+00,100,0
367,0.000000000000e+00,100,0
368,0.000000000000e+00,100,0
369,0.000000000000e+00,100,0
370,0.000000000000e+00,100,0
371,0.000000000000e+00,100,0
372,0.000000000000e+00,100,0
373,0.000000000000e+00,100,0
374,0.000000000000e+00,100,0
375,0.000000000000e+00,100,0
376,0.000000000000e+00,100,0
377,0.000000000000e+00,100,0
378,0.000000000000e+00,100,0
379,0.000000000000e+00,100,0
380,0.000000000000e+00,100,0
381,0.000000000000e+00,100,0
382,0.000000000000e+00,100,0
383,0.000000000000e+00,100,0
384,0.000000000000e+00,100,0
385,0.000000000000e+00,100,0
386,0.000000000000e+00,100,0
387,0.000000000000e+00,100,0
388,0.000000000000e+00,100,0
389,0.000000000000e+00,100,0
390,0.000000000000e+00,100,0
391,0.000000000000e+00,100,0
392,0.000000000000e+00,100,0
393,0.000000000000e+00,100,0
394,0.000000000000e+00,100,0
395,0.000000000000e+00,100,0
396,0.000000000000e+00,100,0
397,0.000000000000e+00,100,0
398,0.000000000000e+00,100,0
399,0.000000000000e+00,100,0
400,0.000000000000e+00,100,0
401,0.000000000000e+00,200,0
402,0.000000000000e+00,200,0
403,0.000000000000e+00,200,0
404,0.000000000000e+00,200,0
405,0.000000000000e+00,200,0
406,0.000000000000e+00,200,0
407,0.000000000000e+00,200,0
408,0.000000000000e+00,200,0
409,0.000000000000e+00,200,0
410,0.000000000000e+00,200,0
411,0.000000000000e+00,200,0
412,0.000000000000e+00,200,0
413,0.000000000000e+00,200,0
414,0.000000000000e+00,200,0
415,0.000000000000e+00,200,0
416,0.000000000000e+00,200,0
417,0.000000000000e+00,200,0
418,0.000000000000e+00,200,0
419,0.000000000000e+00,200,0
420,0.000000000000e+00,200,0
421,0.000000000000e+00,200,0
422,0.000000000000e+00,200,0
423,0.000000000000e+00,200,1
424,0.000000000000e+00,200,0
425,0.000000000000e+00,200,0
426,0.000000000000e+00,200,0
427,0.000000000000e+00,200,0
428,0.000000000000e+00,200,0
429,0.000000000000e+00,200,0
430,0.000000000000e+00,200,0
431,0.000000000000e+00,200,0
432,0.000000000000e+00,200,0
433,0.000000000000e+00,200,0
434,0.000000000000e+00,200,0
435,0.000000000000e+00,200,0
436,0.000000000000e+00,200,0
437,0.000000000000e+00,200,0
438,0.000000000000e+00,200,0
439,0.000000000000e+00,200,0
440,0.000000000000e+00,200,1
441,0.000000000000e+00,200,0
442,0.000000000000e+00,200,0
443,0.000000000000e+00,200,0
444,0.000000000000e+00,200,0
445,0.000000000000e+00,200,1
446,0.000000000000e+00,200,0
447,0.000000000000e+00,200,1
448,0.000000000000e+00,200,0
449,0.000000000000e+00,200,0
450,0.000000000000e+00,200,0
451,0.000000000000e+00,200,0
452,0.000000000000e+00,200,1
453,0.000000000000e+00,200,0
454,0.000000000000e+00,200,0
455,0.000000000000e+00,200,0
456,0.000000000000e+00,200,0
457,0.000000000000e+00,200,0
458,0.000000000000e+00,200,0
459,0.000000000000e+00,200,0
460,0.000000000000e+00,200,0
461,0.000000000000e+00,200,0
462,0.000000000000e+00,200,0
463,0.000000000000e+00,200,0
464,0.000000000000e+00,200,0
465,0.000000000000e+00,200,0
466,0.000000000000e+00,200,1
467,0.000000000000e+00,200,0
468,0.000000000000e+00,200,0
469,0.000000000000e+00,200,1
470,0.000000000000e+00,200,0
471,0.000000000000e+00,200,0
472,0.000000000000e+00,200,0
473,0.000000000000e+00,200,1
474,0.000000000000e+00,200,0
475,0.000000000000e+00,200,0
476,0.000000000000e+00,200,0
477,0.000000000000e+00,200,0
478,0.000000000000e+00,200,0
479,0.000000000000e+00,200,0
480,0.000000000000e+00,200,0
481,0.000000000000e+00,200,0
482,0.000000000000e+00,200,0
483,0.000000000000e+00,200,0
484,0.000000000000e+00,200,0
485,0.000000000000e+00,200,0
486,0.000000000000e+00,200,0
487,0.000000000000e+00,200,1
488,0.000000000000e+00,200,0
489,0.000000000000e+00,200,0
490,0.000000000000e+00,200,0
491,0.000000000000e+00,200,0
492,0.000000000000e+00,200,0
493,0.000000000000e+00,200,0
494,0.000000000000e+00,200,0
495,0.000000000000e+00,200,0
496,0.000000000000e+00,200,0
497,0.000000000000e+00,200,0
498,0.000000000000e+00,200,0
499,0.000000000000e+00,200,0
500,0.000000000000e+00,200,0
501,0.000000000000e+00,200,0
502,0.000000000000e+00,200,0
503,0.000000000000e+00,200,0
504,0.000000000000e+00,200,0
505,0.000000000000e+00,200,0
506,0.000000000000e+00,200,0
507,0.000000000000e+00,200,0
508,0.000000000000e+00,200,0
509,0.000000000000e+00,200,0
510,0.000000000000e+00,200,0
511,0.000000000000e+00,200,0
512,0.000000000000e+00,200,0
513,0.000000000000e+00,200,0
514,0.000000000000e+00,200,0
515,0.000000000000e+00,200,0
516,0.000000000000e+00,200,0
517,0.000000000000e+00,200,0
518,0.000000000000e+00,200,0
519,0.000000000000e+00,200,0
520,0.000000000000e+00,200,0
521,0.000000000000e+00,200,0
522,0.000000000000e+00,200,0
523,0.000000000000e+00,200,0
524,0.000000000000e+00,200,0
525,0.000000000000e+00,200,0
526,0.000000000000e+00,200,1
527,0.000000000000e+00,200,0
528,0.000000000000e+00,200,0
529,0.000000000000e+00,200,0
530,0.000000000000e+00,200,0
531,0.000000000000e+00,200,0
532,0.000000000000e+00,200,0
533,0.000000000000e+00,200,0
534,0.000000000000e+00,200,0
535,0.000000000000e+00,200,0
536,0.000000000000e+00,200,0
537,0.000000000000e+00,200,0
538,0.000000000000e+00,200,0
539,0.000000000000e+00,200,0
540,0.000000000000e+00,200,0
541,0.000000000000e+00,200,0
542,0.000000000000e+00,200,0
543,0.000000000000e+00,200,0
544,0.000000000000e+00,200,1
545,0.000000000000e+00,200,0
546,0.000000000000e+00,200,0
547,0.000000000000e+00,200,0
548,0.000000000000e+00,200,1
549,0.000000000000e+00,200,0
550,0.000000000000e+00,200,0
551,0.000000000000e+00,200,0
552,0.000000000000e+00,200,0
553,0.000000000000e+00,200,0
554,0.000000000000e+00,200,0
555,0.000000000000e+00,200,0
556,0.000000000000e+00,200,0
557,0.000000000000e+00,200,0
558,0.000000000000e+00,200,0
559,0.000000000000e+00,200,0
560,0.000000000000e+00,200,0
561,0.000000000000e+00,200,0
562,0.000000000000e+00,200,0
563,0.000000000000e+00,200,0
564,0.000000000000e+00,200,0
565,0.000000000000e+00,200,0
566,0.000000000000e+00,200,0
567,0.000000000000e+00,200,0
568,0.000000000000e+00,200,0
569,0.000000000000e+00,200,0
570,0.000000000000e+00,200,0
571,0.000000000000e+00,200,0
572,0.000000000000e+00,200,0
573,0.000000000000e+00,200,0
574,0.000000000000e+00,200,0
575,0.000000000000e+00,200,0
576,0.000000000000e+00,200,0
577,0.000000000000e+00,200,0
578,0.000000000000e+00,200,0
579,0.000000000000e+00,200,0
580,0.000000000000e+00,200,0
581,0.000000000000e+00,200,0
582,0.000000000000e+00,200,0
583,0.000000000000e+00,200,0
584,0.000000000000e+00,200,0
585,0.000000000000e+00,200,0
586,0.000000000000e+00,200,0
587,0.000000000000e+00,200,0
588,0.000000000000e+00,200,0
589,0.000000000000e+00,200,0
590,0.000000000000e+00,200,0
591,0.000000000000e+00,200,0
592,0.000000000000e+00,200,0
593,0.000000000000e+00,200,0
594,0.000000000000e+00,200,0
595,0.000000000000e+00,200,0
596,0.000000000000e+00,200,0
597,0.000000000000e+00,200,0
598,0.000000000000e+00,200,0
599,0.000000000000e+00,200,0
600,0.000000000000e+00,200,0
601,0.000000000000e+00,500,0
602,0.000000000000e+00,500,0
603,0.000000000000e+00,500,1
604,0.000000000000e+00,500,0
605,0.000000000000e+00,500,0
606,0.000000000000e+00,500,0
607,0.000000000000e+00,500,0
608,0.000000000000e+00,500,0
609,0.000000000000e+00,500,1
610,0.000000000000e+00,500,0
611,0.000000000000e+00,500,0
612,0.000000000000e+00,500,1
613,0.000000000000e+00,500,0
614,0.000000000000e+00,500,1
615,0.000000000000e+00,500,0
616,0.000000000000e+00,500,0
617,0.000000000000e+00,500,0
618,0.000000000000e+00,500,0
619,0.000000000000e+00,500,0
620,0.000000000000e+00,500,0
621,0.000000000000e+00,500,0
622,0.000000000000e+00,500,0
623,0.000000000000e+00,500,0
624,0.000000000000e+00,500,0
625,0.000000000000e+00,500,0
626,0.000000000000e+00,500,0
627,0.000000000000e+00,500,0
628,0.000000000000e+00,500,0
629,0.000000000000e+00,500,0
630,0.000000000000e+00,500,1
631,0.000000000000e+00,500,0
632,0.000000000000e+00,500,0
633,0.000000000000e+00,500,0
634,0.000000000000e+00,500,0
635,0.000000000000e+00,500,0
636,0.000000000000e+00,500,1
637,0.000000000000e+00,500,1
638,0.000000000000e+00,500,0
639,0.000000000000e+00,500,0
640,0.000000000000e+00,500,1
641,0.000000000000e+00,500,0
642,0.000000000000e+00,500,0
643,0.000000000000e+00,500,1
644,0.000000000000e+00,500,0
645,0.000000000000e+00,500,0
646,0.000000000000e+00,500,0
647,0.000000000000e+00,500,0
648,0.000000000000e+00,500,0
649,0.000000000000e+00,500,0
650,0.000000000000e+00,500,0
651,0.000000000000e+00,500,0
652,0.000000000000e+00,500,0
653,0.000000000000e+00,500,0
654,0.000000000000e+00,500,0
655,0.000000000000e+00,500,0
656,0.000000000000e+00,500,0
657,0.000000000000e+00,500,0
658,0.000000000000e+00,500,0
659,0.000000000000e+00,500,0
660,0.000000000000e+00,500,0
661,0.000000000000e+00,500,0
662,0.000000000000e+00,500,0
663,0.000000000000e+00,500,0
664,0.000000000000e+00,500,0
665,0.000000000000e+00,500,0
666,0.000000000000e+00,500,0
667,0.000000000000e+00,500,0
668,0.000000000000e+00,500,1
669,0.000000000000e+00,500,0
670,0.000000000000e+00,500,0
671,0.000000000000e+00,500,0
672,0.000000000000e+00,500,0
673,0.000000000000e+00,500,0
674,0.000000000000e+00,500,0
675,0.000000000000e+00,500,1
676,0.000000000000e+00,500,0
677,0.000000000000e+00,500,0
678,0.000000000000e+00,500,0
679,0.000000000000e+00,500,0
680,0.000000000000e+00,500,0
681,0.000000000000e+00,500,0
682,0.000000000000e+00,500,0
683,0.000000000000e+00,500,0
684,0.000000000000e+00,500,0
685,0.000000000000e+00,500,0
686,0.000000000000e+00,500,0
687,0.000000000000e+00,500,0
688,0.000000000000e+00,500,0
689,0.000000000000e+00,500,0
690,0.000000000000e+00,500,0
691,0.000000000000e+00,500,0
692,0.000000000000e+00,500,0
693,0.000000000000e+00,500,0
694,0.000000000000e+00,500,0
695,0.000000000000e+00,500,1
696,0.000000000000e+00,500,0
697,0.000000000000e+00,500,0
698,0.000000000000e+00,500,1
699,0.000000000000e+00,500,0
700,0.000000000000e+00,500,0
701,0.000000000000e+00,500,0
702,0.000000000000e+00,500,0
703,0.000000000000e+00,500,0
704,0.000000000000e+00,500,0
705,0.000000000000e+00,500,0
706,0.000000000000e+00,500,0
707,0.000000000000e+00,500,0
708,0.000000000000e+00,500,0
709,0.000000000000e+00,500,0
710,0.000000000000e+00,500,0
711,0.000000000000e+00,500,0
712,0.000000000000e+00,500,0
713,0.000000000000e+00,500,1
714,0.000000000000e+00,500,0
715,0.000000000000e+00,500,0
716,0.000000000000e+00,500,0
717,0.000000000000e+00,500,0
718,0.000000000000e+00,500,1
719,0.000000000000e+00,500,0
720,0.000000000000e+00,500,0
721,0.000000000000e+00,500,0
722,0.000000000000e+00,500,0
723,0.000000000000e+00,500,0
724,0.000000000000e+00,500,0
725,0.000000000000e+00,500,2
726,0.000000000000e+00,500,0
727,0.000000000000e+00,500,0
728,0.000000000000e+00,500,0
729,0.000000000000e+00,500,0
730,0.000000000000e+00,500,0
731,0.000000000000e+00,500,0
732,0.000000000000e+00,500,0
733,0.000000000000e+00,500,0
734,0.000000000000e+00,500,0
735,0.000000000000e+00,500,0
736,0.000000000000e+00,500,0
737,0.000000000000e+00,500,0
738,0.000000000000e+00,500,1
739,0.000000000000e+00,500,0
740,0.000000000000e+00,500,0
741,0.000000000000e+00,500,0
742,0.000000000000e+00,500,2
743,0.000000000000e+00,500,0
744,0.000000000000e+00,500,0
745,0.000000000000e+00,500,0
746,0.000000000000e+00,500,0
747,0.000000000000e+00,500,0
748,0.000000000000e+00,500,0
749,0.000000000000e+00,500,0
750,0.000000000000e+00,500,0
751,0.000000000000e+00,500,0
752,0.000000000000e+00,500,0
753,0.000000000000e+00,500,0
754,0.000000000000e+00,500,0
755,0.000000000000e+00,500,0
756,0.000000000000e+00,500,0
757,0.000000000000e+00,500,0
758,0.000000000000e+00,500,0
759,0.000000000000e+00,500,0
760,0.000000000000e+00,500,0
761,0.000000000000e+00,500,0
762,0.000000000000e+00,500,0
763,0.000000000000e+00,500,0
764,0.000000000000e+00,500,0
765,0.000000000000e+00,500,0
766,0.000000000000e+00,500,0
767,0.000000000000e+00,500,1
768,0.000000000000e+00,500,0
769,0.000000000000e+00,500,0
770,0.000000000000e+00,500,0
771,0.000000000000e+00,500,0
772,0.000000000000e+00,500,0
773,0.000000000000e+00,500,0
774,0.000000000000e+00,500,0
775,0.000000000000e+00,500,0
776,0.000000000000e+00,500,0
777,0.000000000000e+00,500,1
778,0.000000000000e+00,500,0
779,0.000000000000e+00,500,1
780,0.000000000000e+00,500,0
781,0.000000000000e+00,500,0
782,0.000000000000e+00,500,0
783,0.000000000000e+00,500,0
784,0.000000000000e+00,500,0
785,0.000000000000e+00,500,0
786,0.000000000000e+00,500,0
787,0.000000000000e+00,500,0
788,0.000000000000e+00,500,0
789,0.000000000000e+00,500,0
790,0.000000000000e+00,500,0
791,0.000000000000e+00,500,0
792,0.000000000000e+00,500,1
793,0.000000000000e+00,500,0
794,0.000000000000e+00,500,0
795,0.000000000000e+00,500,0
796,0.000000000000e+00,500,0
797,0.000000000000e+00,500,0
798,0.000000000000e+00,500,0
799,0.000000000000e+00,500,0
800,0.000000000000e+00,500,0
801,0.000000000000e+00,1000,0
802,0.000000000000e+00,1000,0
803,0.000000000000e+00,1000,1
804,0.000000000000e+00,1000,0
805,0.000000000000e+00,1000,0
806,0.000000000000e+00,1000,0
807,0.000000000000e+00,1000,0
808,0.000000000000e+00,1000,0
809,0.000000000000e+00,1000,0
810,0.000000000000e+00,1000,0
811,0.000000000000e+00,1000,1
812,0.000000000000e+00,1000,0
813,0.000000000000e+00,1000,0
814,0.000000000000e+00,1000,0
815,0.000000000000e+00,1000,0
816,0.000000000000e+00,1000,1
817,0.000000000000e+00,1000,1
818,0.000000000000e+00,1000,1
819,0.000000000000e+00,1000,0
820,0.000000000000e+00,1000,2
821,0.000000000000e+00,1000,0
822,0.000000000000e+00,1000,0
823,0.000000000000e+00,1000,0
824,0.000000000000e+00,1000,1
825,0.000000000000e+00,1000,0
826,0.000000000000e+00,1000,0
827,0.000000000000e+00,1000,0
828,0.000000000000e+00,1000,1
829,0.000000000000e+00,1000,1
830,0.000000000000e+00,1000,0
831,0.000000000000e+00,1000,1
832,0.000000000000e+00,1000,0
833,0.000000000000e+00,1000,2
834,0.000000000000e+00,1000,0
835,0.000000000000e+00,1000,1
836,0.000000000000e+00,1000,0
837,0.000000000000e+00,1000,0
838,0.000000000000e+00,1000,1
839,0.000000000000e+00,1000,0
840,0.000000000000e+00,1000,0
841,0.000000000000e+00,1000,0
842,0.000000000000e+00,1000,0
843,0.000000000000e+00,1000,0
844,0.000000000000e+00,1000,0
845,0.000000000000e+00,1000,1
846,0.000000000000e+00,1000,0
847,0.000000000000e+00,1000,0
848,0.000000000000e+00,1000,1
849,0.000000000000e+00,1000,0
850,0.000000000000e+00,1000,0
851,0.000000000000e+00,1000,1
852,0.000000000000e+00,1000,0
853,0.000000000000e+00,1000,0
854,0.000000000000e+00,1000,0
855,0.000000000000e+00,1000,0
856,0.000000000000e+00,1000,0
857,0.000000000000e+00,1000,0
858,0.000000000000e+00,1000,1
859,0.000000000000e+00,1000,0
860,0.000000000000e+00,1000,1
861,0.000000000000e+00,1000,1
862,0.000000000000e+00,1000,0
863,0.000000000000e+00,1000,0
864,0.000000000000e+00,1000,0
865,0.000000000000e+00,1000,0
866,0.000000000000e+00,1000,0
867,0.000000000000e+00,1000,0
868,0.000000000000e+00,1000,0
869,0.000000000000e+00,1000,0
870,0.000000000000e+00,1000,1
871,0.000000000000e+00,1000,0
872,0.000000000000e+00,1000,0
873,0.000000000000e+00,1000,0
874,0.000000000000e+00,1000,0
875,0.000000000000e+00,1000,0
876,0.000000000000e+00,1000,0
877,0.000000000000e+00,1000,1
878,0.000000000000e+00,1000,1
879,0.000000000000e+00,1000,0
880,0.000000000000e+00,1000,0
881,0.000000000000e+00,1000,0
882,0.000000000000e+00,1000,1
883,0.000000000000e+00,1000,0
884,0.000000000000e+00,1000,0
885,0.000000000000e+00,1000,0
886,0.000000000000e+00,1000,0
887,0.000000000000e+00,1000,1
888,0.000000000000e+00,1000,0
889,0.000000000000e+00,1000,0
890,0.000000000000e+00,1000,0
891,0.000000000000e+00,1000,0
892,0.000000000000e+00,1000,1
893,0.000000000000e+00,1000,0
894,0.000000000000e+00,1000,1
895,0.000000000000e+00,1000,0
896,0.000000000000e+00,1000,1
897,0.000000000000e+00,1000,0
898,0.000000000000e+00,1000,0
899,0.000000000000e+00,1000,0
900,0.000000000000e+00,1000,1
901,0.000000000000e+00,1000,0
902,0.000000000000e+00,1000,0
903,0.000000000000e+00,1000,1
904,0.000000000000e+00,1000,0
905,0.000000000000e+00,1000,0
906,0.000000000000e+00,1000,2
907,0.000000000000e+00,1000,1
908,0.000000000000e+00,1000,0
909,0.000000000000e+00,1000,0
910,0.000000000000e+00,1000,0
911,0.000000000000e+00,1000,0
912,0.000000000000e+00,1000,0
913,0.000000000000e+00,1000,0
914,0.000000000000e+00,1000,0
915,0.000000000000e+00,1000,0
916,0.000000000000e+00,1000,1
917,0.000000000000e+00,1000,1
918,0.000000000000e+00,1000,0
919,0.000000000000e+00,1000,1
920,0.000000000000e+00,1000,0
921,0.000000000000e+00,1000,1
922,0.000000000000e+00,1000,0
923,0.000000000000e+00,1000,0
924,0.000000000000e+00,1000,0
925,0.000000000000e+00,1000,0
926,0.000000000000e+00,1000,0
927,0.000000000000e+00,1000,0
928,0.000000000000e+00,1000,0
929,0.000000000000e+00,1000,1
930,0.000000000000e+00,1000,0
931,0.000000000000e+00,1000,0
932,0.000000000000e+00,1000,0
933,0.000000000000e+00,1000,1
934,0.000000000000e+00,1000,0
935,0.000000000000e+00,1000,0
936,0.000000000000e+00,1000,1
937,0.000000000000e+00,1000,0
938,0.000000000000e+00,1000,0
939,0.000000000000e+00,1000,0
940,0.000000000000e+00,1000,0
941,0.000000000000e+00,1000,0
942,0.000000000000e+00,1000,1
943,0.000000000000e+00,1000,1
944,0.000000000000e+00,1000,0
945,0.000000000000e+00,1000,0
946,0.000000000000e+00,1000,0
947,0.000000000000e+00,1000,0
948,0.000000000000e+00,1000,1
949,0.000000000000e+00,1000,1
950,0.000000000000e+00,1000,2
951,0.000000000000e+00,1000,0
952,0.000000000000e+00,1000,0
953,0.000000000000e+00,1000,0
954,0.000000000000e+00,1000,1
955,0.000000000000e+00,1000,0
956,0.000000000000e+00,1000,0
957,0.000000000000e+00,1000,1
958,0.000000000000e+00,1000,1
959,0.000000000000e+00,1000,0
960,0.000000000000e+00,1000,0
961,0.000000000000e+00,1000,1
962,0.000000000000e+00,1000,0
963,0.000000000000e+00,1000,2
964,0.000000000000e+00,1000,0
965,0.000000000000e+00,1000,1
966,0.000000000000e+00,1000,0
967,0.000000000000e+00,1000,1
968,0.000000000000e+00,1000,0
969,0.000000000000e+00,1000,0
970,0.000000000000e+00,1000,0
971,0.000000000000e+00,1000,1
972,0.000000000000e+00,1000,0
973,0.000000000000e+00,1000,0
974,0.000000000000e+00,1000,0
975,0.000000000000e+00,1000,1
976,0.000000000000e+00,1000,0
977,0.000000000000e+00,1000,1
978,0.000000000000e+00,1000,0
979,0.000000000000e+00,1000,0
980,0.000000000000e+00,1000,0
981,0.000000000000e+00,1000,0
982,0.000000000000e+00,1000,0
983,0.000000000000e+00,1000,2
984,0.000000000000e+00,1000,0
985,0.000000000000e+00,1000,0
986,0.000000000000e+00,1000,0
987,0.000000000000e+00,1000,0
988,0.000000000000e+00,1000,1
989,0.000000000000e+00,1000,0
990,0.000000000000e+00,1000,0
991,0.000000000000e+00,1000,0
992,0.000000000000e+00,1000,0
993,0.000000000000e+00,1000,1
994,0.000000000000e+00,1000,1
995,0.000000000000e+00,1000,0
996,0.000000000000e+00,1000,0
997,0.000000000000e+00,1000,0
998,0.000000000000e+00,1000,0
999,0.000000000000e+00,1000,0
1000,0.000000000000e+00,1000,0
1001,0.000000000000e+00,2000,0
1002,0.000000000000e+00,2000,2
1003,0.000000000000e+00,2000,0
1004,0.000000000000e+00,2000,1
1005,0.000000000000e+00,2000,1
1006,0.000000000000e+00,2000,1
1007,0.000000000000e+00,2000,1
1008,0.000000000000e+00,2000,2
1009,0.000000000000e+00,2000,0
1010,0.000000000000e+00,2000,1
1011,0.000000000000e+00,2000,0
1012,0.000000000000e+00,2000,1
1013,0.000000000000e+00,2000,2
1014,0.000000000000e+00,2000,0
1015,0.000000000000e+00,2000,0
1016,0.000000000000e+00,2000,1
1017,0.000000000000e+00,2000,0
1018,0.000000000000e+00,2000,0
1019,0.000000000000e+00,2000,0
1020,0.000000000000e+00,2000,2
1021,0.000000000000e+00,2000,0
1022,0.000000000000e+00,2000,1
1023,0.000000000000e+00,2000,1
1024,0.000000000000e+00,2000,1
1025,0.000000000000e+00,2000,2
1026,0.000000000000e+00,2000,0
1027,0.000000000000e+00,2000,2
1028,0.000000000000e+00,2000,2
1029,0.000000000000e+00,2000,2
1030,0.000000000000e+00,2000,1
1031,0.000000000000e+00,2000,0
1032,0.000000000000e+00,2000,2
1033,0.000000000000e+00,2000,2
1034,0.000000000000e+00,2000,0
1035,0.000000000000e+00,2000,0
1036,0.000000000000e+00,2000,1
1037,0.000000000000e+00,2000,0
1038,0.000000000000e+00,2000,1
1039,0.000000000000e+00,2000,1
1040,0.000000000000e+00,2000,1
1041,0.000000000000e+00,2000,0
1042,0.000000000000e+00,2000,1
1043,0.000000000000e+00,2000,0
1044,0.000000000000e+00,2000,0
1045,0.000000000000e+00,2000,3
1046,0.000000000000e+00,2000,0
1047,0.000000000000e+00,2000,0
1048,0.000000000000e+00,2000,0
1049,0.000000000000e+00,2000,1
1050,0.000000000000e+00,2000,0
1051,0.000000000000e+00,2000,0
1052,0.000000000000e+00,2000,0
1053,0.000000000000e+00,2000,0
1054,0.000000000000e+00,2000,4
1055,0.000000000000e+00,2000,0
1056,0.000000000000e+00,2000,0
1057,0.000000000000e+00,2000,1
1058,0.000000000000e+00,2000,0
1059,0.000000000000e+00,2000,1
1060,0.000000000000e+00,2000,0
1061,0.000000000000e+00,2000,1
1062,0.000000000000e+00,2000,2
1063,0.000000000000e+00,2000,1
1064,0.000000000000e+00,2000,0
1065,0.000000000000e+00,2000,2
1066,0.000000000000e+00,2000,0
1067,0.000000000000e+00,2000,1
1068,0.000000000000e+00,2000,0
1069,0.000000000000e+00,2000,0
1070,0.000000000000e+00,2000,0
1071,0.000000000000e+00,2000,0
1072,0.000000000000e+00,2000,1
1073,0.000000000000e+00,2000,1
1074,0.000000000000e+00,2000,0
1075,0.000000000000e+00,2000,2
1076,0.000000000000e+00,2000,0
1077,0.000000000000e+00,2000,0
1078,0.000000000000e+00,2000,0
1079,0.000000000000e+00,2000,1
1080,0.000000000000e+00,2000,2
1081,0.000000000000e+00,2000,0
1082,0.000000000000e+00,2000,2
1083,0.000000000000e+00,2000,0
1084,0.000000000000e+00,2000,1
1085,0.000000000000e+00,2000,0
1086,0.000000000000e+00,2000,0
1087,0.000000000000e+00,2000,0
1088,0.000000000000e+00,2000,0
1089,0.000000000000e+00,2000,0
1090,0.000000000000e+00,2000,0
1091,0.000000000000e+00,2000,1
1092,0.000000000000e+00,2000,1
1093,0.000000000000e+00,2000,1
1094,0.000000000000e+00,2000,1
1095,0.000000000000e+00,2000,1
1096,0.000000000000e+00,2000,2
1097,0.000000000000e+00,2000,1
1098,0.000000000000e+00,2000,0
1099,0.000000000000e+00,2000,0
1100,0.000000000000e+00,2000,0
1101,0.000000000000e+00,2000,2
1102,0.000000000000e+00,2000,0
1103,0.000000000000e+00,2000,0
1104,0.000000000000e+00,2000,1
1105,0.000000000000e+00,2000,1
1106,0.000000000000e+00,2000,0
1107,0.000000000000e+00,2000,0
1108,0.000000000000e+00,2000,0
1109,0.000000000000e+00,2000,2
1110,0.000000000000e+00,2000,1
1111,0.000000000000e+00,2000,1
1112,0.000000000000e+00,2000,0
1113,0.000000000000e+00,2000,1
1114,0.000000000000e+00,2000,0
1115,0.000000000000e+00,2000,1
1116,0.000000000000e+00,2000,0
1117,0.000000000000e+00,2000,1
1118,0.000000000000e+00,2000,2
1119,0.000000000000e+00,2000,1
1120,0.000000000000e+00,2000,0
1121,0.000000000000e+00,2000,0
1122,0.000000000000e+00,2000,3
1123,0.000000000000e+00,2000,1
1124,0.000000000000e+00,2000,1
1125,0.000000000000e+00,2000,1
1126,0.000000000000e+00,2000,0
1127,0.000000000000e+00,2000,1
1128,0.000000000000e+00,2000,1
1129,0.000000000000e+00,2000,0
1130,0.000000000000e+00,2000,0
1131,0.000000000000e+00,2000,1
1132,0.000000000000e+00,2000,0
1133,0.000000000000e+00,2000,0
1134,0.000000000000e+00,2000,0
1135,0.000000000000e+00,2000,1
1136,0.000000000000e+00,2000,0
1137,0.000000000000e+00,2000,0
1138,0.000000000000e+00,2000,2
1139,0.000000000000e+00,2000,1
1140,0.000000000000e+00,2000,0
1141,0.000000000000e+00,2000,1
1142,0.000000000000e+00,2000,1
1143,0.000000000000e+00,2000,2
1144,0.000000000000e+00,2000,0
1145,0.000000000000e+00,2000,1
1146,0.000000000000e+00,2000,0
1147,0.000000000000e+00,2000,1
1148,0.000000000000e+00,2000,0
1149,0.000000000000e+00,2000,4
1150,0.000000000000e+00,2000,0
1151,0.000000000000e+00,2000,0
1152,0.000000000000e+00,2000,0
1153,0.000000000000e+00,2000,1
1154,0.000000000000e+00,2000,0
1155,0.000000000000e+00,2000,1
1156,0.000000000000e+00,2000,2
1157,0.000000000000e+00,2000,0
1158,0.000000000000e+00,2000,1
1159,0.000000000000e+00,2000,1
1160,0.000000000000e+00,2000,0
1161,0.000000000000e+00,2000,3
1162,0.000000000000e+00,2000,0
1163,0.000000000000e+00,2000,0
1164,0.000000000000e+00,2000,1
1165,0.000000000000e+00,2000,1
1166,0.000000000000e+00,2000,0
1167,0.000000000000e+00,2000,0
1168,0.000000000000e+00,2000,0
1169,0.000000000000e+00,2000,0
1170,0.000000000000e+00,2000,2
1171,0.000000000000e+00,2000,0
1172,0.000000000000e+00,2000,1
1173,0.000000000000e+00,2000,0
1174,0.000000000000e+00,2000,1
1175,0.000000000000e+00,2000,1
1176,0.000000000000e+00,2000,0
1177,0.000000000000e+00,2000,0
1178,0.000000000000e+00,2000,1
1179,0.000000000000e+00,2000,2
1180,0.000000000000e+00,2000,1
1181,0.000000000000e+00,2000,0
1182,0.000000000000e+00,2000,0
1183,0.000000000000e+00,2000,0
1184,0.000000000000e+00,2000,0
1185,0.000000000000e+00,2000,3
1186,0.000000000000e+00,2000,2
1187,0.000000000000e+00,2000,1
1188,0.000000000000e+00,2000,1
1189,0.000000000000e+00,2000,0
1190,0.000000000000e+00,2000,0
1191,0.000000000000e+00,2000,2
1192,0.000000000000e+00,2000,1
1193,0.000000000000e+00,2000,3
1194,0.000000000000e+00,2000,0
1195,0.000000000000e+00,2000,2
1196,0.000000000000e+00,2000,0
1197,0.000000000000e+00,2000,0
1198,0.000000000000e+00,2000,0
1199,0.000000000000e+00,2000,2
1200,0.000000000000e+00,2000,0
1201,0.000000000000e+00,5000,2
1202,0.000000000000e+00,5000,1
1203,0.000000000000e+00,5000,2
1204,0.000000000000e+00,5000,0
1205,0.000000000000e+00,5000,0
1206,0.000000000000e+00,5000,3
1207,0.000000000000e+00,5000,5
1208,0.000000000000e+00,5000,0
1209,0.000000000000e+00,5000,4
1210,0.000000000000e+00,5000,4
1211,0.000000000000e+00,5000,3
1212,0.000000000000e+00,5000,1
1213,0.000000000000e+00,5000,0
1214,0.000000000000e+00,5000,2
1215,0.000000000000e+00,5000,0
1216,0.000000000000e+00,5000,3
1217,0.000000000000e+00,5000,2
1218,0.000000000000e+00,5000,0
1219,0.000000000000e+00,5000,1
1220,0.000000000000e+00,5000,1
1221,0.000000000000e+00,5000,1
1222,0.000000000000e+00,5000,1
1223,0.000000000000e+00,5000,2
1224,0.000000000000e+00,5000,1
1225,0.000000000000e+00,5000,1
1226,0.000000000000e+00,5000,2
1227,0.000000000000e+00,5000,0
1228,0.000000000000e+00,5000,2
1229,0.000000000000e+00,5000,1
1230,0.000000000000e+00,5000,2
1231,0.000000000000e+00,5000,0
1232,0.000000000000e+00,5000,2
1233,0.000000000000e+00,5000,1
1234,0.000000000000e+00,5000,0
1235,0.000000000000e+00,5000,1
1236,0.000000000000e+00,5000,0
1237,0.000000000000e+00,5000,1
1238,0.000000000000e+00,5000,2
1239,0.000000000000e+00,5000,4
1240,0.000000000000e+00,5000,2
1241,0.000000000000e+00,5000,3
1242,0.000000000000e+00,5000,1
1243,0.000000000000e+00,5000,5
1244,0.000000000000e+00,5000,1
1245,0.000000000000e+00,5000,1
1246,0.000000000000e+00,5000,2
1247,0.000000000000e+00,5000,3
1248,0.000000000000e+00,5000,3
1249,0.000000000000e+00,5000,1
1250,0.000000000000e+00,5000,2
1251,0.000000000000e+00,5000,3
1252,0.000000000000e+00,5000,4
1253,0.000000000000e+00,5000,2
1254,0.000000000000e+00,5000,1
1255,0.000000000000e+00,5000,2
1256,0.000000000000e+00,5000,2
1257,0.000000000000e+00,5000,2
1258,0.000000000000e+00,5000,0
1259,0.000000000000e+00,5000,2
1260,0.000000000000e+00,5000,1
1261,0.000000000000e+00,5000,3
1262,0.000000000000e+00,5000,0
1263,0.000000000000e+00,5000,2
1264,0.000000000000e+00,5000,2
1265,0.000000000000e+00,5000,1
1266,0.000000000000e+00,5000,5
1267,0.000000000000e+00,5000,1
1268,0.000000000000e+00,5000,2
1269,0.000000000000e+00,5000,2
1270,0.000000000000e+00,5000,0
1271,0.000000000000e+00,5000,1
1272,0.000000000000e+00,5000,3
1273,0.000000000000e+00,5000,1
1274,0.000000000000e+00,5000,2
1275,0.000000000000e+00,5000,3
1276,0.000000000000e+00,5000,1
1277,0.000000000000e+00,5000,0
1278,0.000000000000e+00,5000,1
1279,0.000000000000e+00,5000,0
1280,0.000000000000e+00,5000,0
1281,0.000000000000e+00,5000,3
1282,0.000000000000e+00,5000,2
1283,0.000000000000e+00,5000,2
1284,0.000000000000e+00,5000,1
1285,0.000000000000e+00,5000,1
1286,0.000000000000e+00,5000,1
1287,0.000000000000e+00,5000,4
1288,0.000000000000e+00,5000,1
1289,0.000000000000e+00,5000,1
1290,0.000000000000e+00,5000,3
1291,0.000000000000e+00,5000,0
1292,0.000000000000e+00,5000,0
1293,0.000000000000e+00,5000,1
1294,0.000000000000e+00,5000,1
1295,0.000000000000e+00,5000,2
1296,0.000000000000e+00,5000,2
1297,0.000000000000e+00,5000,1
1298,0.000000000000e+00,5000,1
1299,0.000000000000e+00,5000,1
1300,0.000000000000e+00,5000,1
1301,0.000000000000e+00,5000,3
1302,0.000000000000e+00,5000,4
1303,0.000000000000e+00,5000,2
1304,0.000000000000e+00,5000,1
1305,0.000000000000e+00,5000,1
1306,0.000000000000e+00,5000,0
1307,0.000000000000e+00,5000,0
1308,0.000000000000e+00,5000,2
1309,0.000000000000e+00,5000,0
1310,0.000000000000e+00,5000,2
1311,0.000000000000e+00,5000,1
1312,0.000000000000e+00,5000,0
1313,0.000000000000e+00,5000,1
1314,0.000000000000e+00,5000,1
1315,0.000000000000e+00,5000,2
1316,0.000000000000e+00,5000,1
1317,0.000000000000e+00,5000,3
1318,0.000000000000e+00,5000,1
1319,0.000000000000e+00,5000,4
1320,0.000000000000e+00,5000,2
1321,0.000000000000e+00,5000,1
1322,0.000000000000e+00,5000,5
1323,0.000000000000e+00,5000,1
1324,0.000000000000e+00,5000,4
1325,0.000000000000e+00,5000,0
1326,0.000000000000e+00,5000,2
1327,0.000000000000e+00,5000,1
1328,0.000000000000e+00,5000,2
1329,0.000000000000e+00,5000,0
1330,0.000000000000e+00,5000,0
1331,0.000000000000e+00,5000,2
1332,0.000000000000e+00,5000,4
1333,0.000000000000e+00,5000,1
1334,0.000000000000e+00,5000,1
1335,0.000000000000e+00,5000,4
1336,0.000000000000e+00,5000,4
1337,0.000000000000e+00,5000,1
1338,0.000000000000e+00,5000,1
1339,0.000000000000e+00,5000,2
1340,0.000000000000e+00,5000,0
1341,0.000000000000e+00,5000,2
1342,0.000000000000e+00,5000,1
1343,0.000000000000e+00,5000,0
1344,0.000000000000e+00,5000,1
1345,0.000000000000e+00,5000,3
1346,0.000000000000e+00,5000,4
1347,0.000000000000e+00,5000,1
1348,0.000000000000e+00,5000,2
1349,0.000000000000e+00,5000,0
1350,0.000000000000e+00,5000,2
1351,0.000000000000e+00,5000,2
1352,0.000000000000e+00,5000,2
1353,0.000000000000e+00,5000,3
1354,0.000000000000e+00,5000,2
1355,0.000000000000e+00,5000,1
1356,0.000000000000e+00,5000,0
1357,0.000000000000e+00,5000,2
1358,0.000000000000e+00,5000,1
1359,0.000000000000e+00,5000,0
1360,0.000000000000e+00,5000,1
1361,0.000000000000e+00,5000,2
1362,0.000000000000e+00,5000,2
1363,0.000000000000e+00,5000,2
1364,0.000000000000e+00,5000,1
1365,0.000000000000e+00,5000,0
1366,0.000000000000e+00,5000,2
1367,0.000000000000e+00,5000,1
1368,0.000000000000e+00,5000,1
1369,0.000000000000e+00,5000,1
1370,0.000000000000e+00,5000,1
1371,0.000000000000e+00,5000,1
1372,0.000000000000e+00,5000,1
1373,0.000000000000e+00,5000,0
1374,0.000000000000e+00,5000,1
1375,0.000000000000e+00,5000,2
1376,0.000000000000e+00,5000,4
1377,0.000000000000e+00,5000,1
1378,0.000000000000e+00,5000,2
1379,0.000000000000e+00,5000,2
1380,0.000000000000e+00,5000,2
1381,0.000000000000e+00,5000,2
1382,0.000000000000e+00,5000,0
1383,0.000000000000e+00,5000,2
1384,0.000000000000e+00,5000,1
1385,0.000000000000e+00,5000,3
1386,0.000000000000e+00,5000,1
1387,0.000000000000e+00,5000,1
1388,0.000000000000e+00,5000,1
1389,0.000000000000e+00,5000,0
1390,0.000000000000e+00,5000,1
1391,0.000000000000e+00,5000,3
1392,0.000000000000e+00,5000,3
1393,0.000000000000e+00,5000,1
1394,0.000000000000e+00,5000,1
1395,0.000000000000e+00,5000,1
1396,0.000000000000e+00,5000,0
1397,0.000000000000e+00,5000,4
1398,0.000000000000e+00,5000,0
1399,0.000000000000e+00,5000,0
1400,0.000000000000e+00,5000,2
1401,2.000000000000e-02,50,0
1402,2.000000000000e-02,50,1
1403,2.000000000000e-02,50,1
1404,2.000000000000e-02,50,4
1405,2.000000000000e-02,50,1
1406,2.000000000000e-02,50,0
1407,2.000000000000e-02,50,0
1408,2.000000000000e-02,50,1
1409,2.000000000000e-02,50,2
1410,2.000000000000e-02,50,1
1411,2.000000000000e-02,50,0
1412,2.000000000000e-02,50,0
1413,2.000000000000e-02,50,1
1414,2.000000000000e-02,50,1
1415,2.000000000000e-02,50,2
1416,2.000000000000e-02,50,0
1417,2.000000000000e-02,50,3
1418,2.000000000000e-02,50,1
1419,2.000000000000e-02,50,0
1420,2.000000000000e-02,50,2
1421,2.000000000000e-02,50,2
1422,2.000000000000e-02,50,3
1423,2.000000000000e-02,50,4
1424,2.000000000000e-02,50,2
1425,2.000000000000e-02,50,2
1426,2.000000000000e-02,50,1
1427,2.000000000000e-02,50,2
1428,2.000000000000e-02,50,1
1429,2.000000000000e-02,50,2
1430,2.000000000000e-02,50,5
1431,2.000000000000e-02,50,1
1432,2.000000000000e-02,50,0
1433,2.000000000000e-02,50,1
1434,2.000000000000e-02,50,3
1435,2.000000000000e-02,50,0
1436,2.000000000000e-02,50,1
1437,2.000000000000e-02,50,2
1438,2.000000000000e-02,50,2
1439,2.000000000000e-02,50,1
1440,2.000000000000e-02,50,0
1441,2.000000000000e-02,50,2
1442,2.000000000000e-02,50,1
1443,2.000000000000e-02,50,1
1444,2.000000000000e-02,50,0
1445,2.000000000000e-02,50,1
1446,2.000000000000e-02,50,2
1447,2.000000000000e-02,50,1
1448,2.000000000000e-02,50,2
1449,2.000000000000e-02,50,1
1450,2.000000000000e-02,50,2
1451,2.000000000000e-02,50,2
1452,2.000000000000e-02,50,0
1453,2.000000000000e-02,50,0
1454,2.000000000000e-02,50,1
1455,2.000000000000e-02,50,0
1456,2.000000000000e-02,50,2
1457,2.000000000000e-02,50,2
1458,2.000000000000e-02,50,0
1459,2.000000000000e-02,50,2
1460,2.000000000000e-02,50,1
1461,2.000000000000e-02,50,2
1462,2.000000000000e-02,50,1
1463,2.000000000000e-02,50,1
1464,2.000000000000e-02,50,0
1465,2.000000000000e-02,50,0
1466,2.000000000000e-02,50,0
1467,2.000000000000e-02,50,0
1468,2.000000000000e-02,50,2
1469,2.000000000000e-02,50,0
1470,2.000000000000e-02,50,2
1471,2.000000000000e-02,50,0
1472,2.000000000000e-02,50,1
1473,2.000000000000e-02,50,1
1474,2.000000000000e-02,50,1
1475,2.000000000000e-02,50,4
1476,2.000000000000e-02,50,3
1477,2.000000000000e-02,50,2
1478,2.000000000000e-02,50,1
1479,2.000000000000e-02,50,1
1480,2.000000000000e-02,50,1
1481,2.000000000000e-02,50,2
1482,2.000000000000e-02,50,0
1483,2.000000000000e-02,50,1
1484,2.000000000000e-02,50,0
1485,2.000000000000e-02,50,0
1486,2.000000000000e-02,50,1
1487,2.000000000000e-02,50,2
1488,2.000000000000e-02,50,1
1489,2.000000000000e-02,50,0
1490,2.000000000000e-02,50,0
1491,2.000000000000e-02,50,1
1492,2.000000000000e-02,50,1
1493,2.000000000000e-02,50,1
1494,2.000000000000e-02,50,0
1495,2.000000000000e-02,50,0
1496,2.000000000000e-02,50,1
1497,2.000000000000e-02,50,0
1498,2.000000000000e-02,50,1
1499,2.000000000000e-02,50,3
1500,2.000000000000e-02,50,2
1501,2.000000000000e-02,50,2
1502,2.000000000000e-02,50,1
1503,2.000000000000e-02,50,2
1504,2.000000000000e-02,50,2
1505,2.000000000000e-02,50,0
1506,2.000000000000e-02,50,2
1507,2.000000000000e-02,50,3
1508,2.000000000000e-02,50,1
1509,2.000000000000e-02,50,1
1510,2.000000000000e-02,50,2
1511,2.000000000000e-02,50,2
1512,2.000000000000e-02,50,2
1513,2.000000000000e-02,50,1
1514,2.000000000000e-02,50,1
1515,2.000000000000e-02,50,2
1516,2.000000000000e-02,50,1
1517,2.000000000000e-02,50,0
1518,2.000000000000e-02,50,0
1519,2.000000000000e-02,50,2
1520,2.000000000000e-02,50,1
1521,2.000000000000e-02,50,0
1522,2.000000000000e-02,50,1
1523,2.000000000000e-02,50,1
1524,2.000000000000e-02,50,0
1525,2.000000000000e-02,50,1
1526,2.000000000000e-02,50,2
1527,2.000000000000e-02,50,1
1528,2.000000000000e-02,50,1
1529,2.000000000000e-02,50,1
1530,2.000000000000e-02,50,1
1531,2.000000000000e-02,50,0
1532,2.000000000000e-02,50,0
1533,2.000000000000e-02,50,1
1534,2.000000000000e-02,50,2
1535,2.000000000000e-02,50,0
1536,2.000000000000e-02,50,0
1537,2.000000000000e-02,50,1
1538,2.000000000000e-02,50,2
1539,2.000000000000e-02,50,2
1540,2.000000000000e-02,50,1
1541,2.000000000000e-02,50,0
1542,2.000000000000e-02,50,1
1543,2.000000000000e-02,50,0
1544,2.000000000000e-02,50,0
1545,2.000000000000e-02,50,1
1546,2.000000000000e-02,50,2
1547,2.000000000000e-02,50,0
1548,2.000000000000e-02,50,1
1549,2.000000000000e-02,50,2
1550,2.000000000000e-02,50,0
1551,2.000000000000e-02,50,0
1552,2.000000000000e-02,50,1
1553,2.000000000000e-02,50,2
1554,2.000000000000e-02,50,1
1555,2.000000000000e-02,50,0
1556,2.000000000000e-02,50,1
1557,2.000000000000e-02,50,0
1558,2.000000000000e-02,50,0
1559,2.000000000000e-02,50,1
1560,2.000000000000e-02,50,1
1561,2.000000000000e-02,50,0
1562,2.000000000000e-02,50,1
1563,2.000000000000e-02,50,1
1564,2.000000000000e-02,50,0
1565,2.000000000000e-02,50,0
1566,2.000000000000e-02,50,0
1567,2.000000000000e-02,50,0
1568,2.000000000000e-02,50,1
1569,2.000000000000e-02,50,0
1570,2.000000000000e-02,50,0
1571,2.000000000000e-02,50,2
1572,2.000000000000e-02,50,1
1573,2.000000000000e-02,50,1
1574,2.000000000000e-02,50,0
1575,2.000000000000e-02,50,1
1576,2.000000000000e-02,50,2
1577,2.000000000000e-02,50,0
1578,2.000000000000e-02,50,0
1579,2.000000000000e-02,50,1
1580,2.000000000000e-02,50,2
1581,2.000000000000e-02,50,3
1582,2.000000000000e-02,50,0
1583,2.000000000000e-02,50,0
1584,2.000000000000e-02,50,2
1585,2.000000000000e-02,50,0
1586,2.000000000000e-02,50,0
1587,2.000000000000e-02,50,0
1588,2.000000000000e-02,50,1
1589,2.000000000000e-02,50,1
1590,2.000000000000e-02,50,1
1591,2.000000000000e-02,50,1
1592,2.000000000000e-02,50,2
1593,2.000000000000e-02,50,3
1594,2.000000000000e-02,50,2
1595,2.000000000000e-02,50,3
1596,2.000000000000e-02,50,2
1597,2.000000000000e-02,50,0
1598,2.000000000000e-02,50,1
1599,2.000000000000e-02,50,0
1600,2.000000000000e-02,50,1
1601,2.000000000000e-02,100,1
1602,2.000000000000e-02,100,1
1603,2.000000000000e-02,100,0
1604,2.000000000000e-02,100,3
1605,2.000000000000e-02,100,4
1606,2.000000000000e-02,100,2
1607,2.000000000000e-02,100,1
1608,2.000000000000e-02,100,1
1609,2.000000000000e-02,100,3
1610,2.000000000000e-02,100,4
1611,2.000000000000e-02,100,2
1612,2.000000000000e-02,100,2
1613,2.000000000000e-02,100,1
1614,2.000000000000e-02,100,3
1615,2.000000000000e-02,100,4
1616,2.000000000000e-02,100,4
1617,2.000000000000e-02,100,1
1618,2.000000000000e-02,100,4
1619,2.000000000000e-02,100,3
1620,2.000000000000e-02,100,2
1621,2.000000000000e-02,100,4
1622,2.000000000000e-02,100,2
1623,2.000000000000e-02,100,1
1624,2.000000000000e-02,100,1
1625,2.000000000000e-02,100,4
1626,2.000000000000e-02,100,3
1627,2.000000000000e-02,100,0
1628,2.000000000000e-02,100,0
1629,2.000000000000e-02,100,0
1630,2.000000000000e-02,100,3
1631,2.000000000000e-02,100,0
1632,2.000000000000e-02,100,1
1633,2.000000000000e-02,100,0
1634,2.000000000000e-02,100,1
1635,2.000000000000e-02,100,4
1636,2.000000000000e-02,100,0
1637,2.000000000000e-02,100,0
1638,2.000000000000e-02,100,0
1639,2.000000000000e-02,100,1
1640,2.000000000000e-02,100,3
1641,2.000000000000e-02,100,2
1642,2.000000000000e-02,100,2
1643,2.000000000000e-02,100,3
1644,2.000000000000e-02,100,1
1645,2.000000000000e-02,100,2
1646,2.000000000000e-02,100,3
1647,2.000000000000e-02,100,1
1648,2.000000000000e-02,100,0
1649,2.000000000000e-02,100,2
1650,2.000000000000e-02,100,1
1651,2.000000000000e-02,100,3
1652,2.000000000000e-02,100,1
1653,2.000000000000e-02,100,2
1654,2.000000000000e-02,100,1
1655,2.000000000000e-02,100,1
1656,2.000000000000e-02,100,2
1657,2.000000000000e-02,100,2
1658,2.000000000000e-02,100,3
1659,2.000000000000e-02,100,4
1660,2.000000000000e-02,100,2
1661,2.000000000000e-02,100,2
1662,2.000000000000e-02,100,2
1663,2.000000000000e-02,100,1
1664,2.000000000000e-02,100,1
1665,2.000000000000e-02,100,2
1666,2.000000000000e-02,100,2
1667,2.000000000000e-02,100,0
1668,2.000000000000e-02,100,2
1669,2.000000000000e-02,100,4
1670,2.000000000000e-02,100,1
1671,2.000000000000e-02,100,0
1672,2.000000000000e-02,100,2
1673,2.000000000000e-02,100,3
1674,2.000000000000e-02,100,3
1675,2.000000000000e-02,100,2
1676,2.000000000000e-02,100,1
1677,2.000000000000e-02,100,7
1678,2.000000000000e-02,100,2
1679,2.000000000000e-02,100,1
1680,2.000000000000e-02,100,5
1681,2.000000000000e-02,100,2
1682,2.000000000000e-02,100,1
1683,2.000000000000e-02,100,5
1684,2.000000000000e-02,100,1
1685,2.000000000000e-02,100,2
1686,2.000000000000e-02,100,3
1687,2.000000000000e-02,100,2
1688,2.000000000000e-02,100,0
1689,2.000000000000e-02,100,2
1690,2.000000000000e-02,100,3
1691,2.000000000000e-02,100,3
1692,2.000000000000e-02,100,1
1693,2.000000000000e-02,100,2
1694,2.000000000000e-02,100,1
1695,2.000000000000e-02,100,2
1696,2.000000000000e-02,100,2
1697,2.000000000000e-02,100,2
1698,2.000000000000e-02,100,1
1699,2.000000000000e-02,100,2
1700,2.000000000000e-02,100,3
1701,2.000000000000e-02,100,1
1702,2.000000000000e-02,100,2
1703,2.000000000000e-02,100,4
1704,2.000000000000e-02,100,1
1705,2.000000000000e-02,100,1
1706,2.000000000000e-02,100,2
1707,2.000000000000e-02,100,1
1708,2.000000000000e-02,100,2
1709,2.000000000000e-02,100,1
1710,2.000000000000e-02,100,2
1711,2.000000000000e-02,100,1
1712,2.000000000000e-02,100,0
1713,2.000000000000e-02,100,3
1714,2.000000000000e-02,100,1
1715,2.000000000000e-02,100,0
1716,2.000000000000e-02,100,0
1717,2.000000000000e-02,100,5
1718,2.000000000000e-02,100,3
1719,2.000000000000e-02,100,2
1720,2.000000000000e-02,100,3
1721,2.000000000000e-02,100,2
1722,2.000000000000e-02,100,3
1723,2.000000000000e-02,100,1
1724,2.000000000000e-02,100,3
1725,2.000000000000e-02,100,4
1726,2.000000000000e-02,100,1
1727,2.000000000000e-02,100,0
1728,2.000000000000e-02,100,4
1729,2.000000000000e-02,100,2
1730,2.000000000000e-02,100,2
1731,2.000000000000e-02,100,3
1732,2.000000000000e-02,100,0
1733,2.000000000000e-02,100,1
1734,2.000000000000e-02,100,1
1735,2.000000000000e-02,100,2
1736,2.000000000000e-02,100,1
1737,2.000000000000e-02,100,2
1738,2.000000000000e-02,100,3
1739,2.000000000000e-02,100,4
1740,2.000000000000e-02,100,3
1741,2.000000000000e-02,100,4
1742,2.000000000000e-02,100,0
1743,2.000000000000e-02,100,2
1744,2.000000000000e-02,100,3
1745,2.000000000000e-02,100,2
1746,2.000000000000e-02,100,0
1747,2.000000000000e-02,100,2
1748,2.000000000000e-02,100,3
1749,2.000000000000e-02,100,1
1750,2.000000000000e-02,100,3
1751,2.000000000000e-02,100,2
1752,2.000000000000e-02,100,1
1753,2.000000000000e-02,100,1
1754,2.000000000000e-02,100,3
1755,2.000000000000e-02,100,0
1756,2.000000000000e-02,100,0
1757,2.000000000000e-02,100,1
1758,2.000000000000e-02,100,3
1759,2.000000000000e-02,100,1
1760,2.000000000000e-02,100,1
1761,2.000000000000e-02,100,1
1762,2.000000000000e-02,100,0
1763,2.000000000000e-02,100,1
1764,2.000000000000e-02,100,3
1765,2.000000000000e-02,100,3
1766,2.000000000000e-02,100,1
1767,2.000000000000e-02,100,6
1768,2.000000000000e-02,100,2
1769,2.000000000000e-02,100,0
1770,2.000000000000e-02,100,2
1771,2.000000000000e-02,100,1
1772,2.000000000000e-02,100,1
1773,2.000000000000e-02,100,1
1774,2.000000000000e-02,100,1
1775,2.000000000000e-02,100,1
1776,2.000000000000e-02,100,7
1777,2.000000000000e-02,100,4
1778,2.000000000000e-02,100,3
1779,2.000000000000e-02,100,2
1780,2.000000000000e-02,100,2
1781,2.000000000000e-02,100,4
1782,2.000000000000e-02,100,2
1783,2.000000000000e-02,100,1
1784,2.000000000000e-02,100,1
1785,2.000000000000e-02,100,2
1786,2.000000000000e-02,100,2
1787,2.000000000000e-02,100,1
1788,2.000000000000e-02,100,1
1789,2.000000000000e-02,100,2
1790,2.000000000000e-02,100,2
1791,2.000000000000e-02,100,2
1792,2.000000000000e-02,100,3
1793,2.000000000000e-02,100,2
1794,2.000000000000e-02,100,1
1795,2.000000000000e-02,100,2
1796,2.000000000000e-02,100,3
1797,2.000000000000e-02,100,3
1798,2.000000000000e-02,100,3
1799,2.000000000000e-02,100,1
1800,2.000000000000e-02,100,4
1801,2.000000000000e-02,200,4
1802,2.000000000000e-02,200,2
1803,2.000000000000e-02,200,5
1804,2.000000000000e-02,200,5
1805,2.000000000000e-02,200,5
1806,2.000000000000e-02,200,2
1807,2.000000000000e-02,200,4
1808,2.000000000000e-02,200,5
1809,2.000000000000e-02,200,3
1810,2.000000000000e-02,200,3
1811,2.000000000000e-02,200,3
1812,2.000000000000e-02,200,3
1813,2.000000000000e-02,200,7
1814,2.000000000000e-02,200,3
1815,2.000000000000e-02,200,4
1816,2.000000000000e-02,200,5
1817,2.000000000000e-02,200,3
1818,2.000000000000e-02,200,5
1819,2.000000000000e-02,200,6
1820,2.000000000000e-02,200,4
1821,2.000000000000e-02,200,4
1822,2.000000000000e-02,200,6
1823,2.000000000000e-02,200,4
1824,2.000000000000e-02,200,3
1825,2.000000000000e-02,200,2
1826,2.000000000000e-02,200,4
1827,2.000000000000e-02,200,6
1828,2.000000000000e-02,200,5
1829,2.000000000000e-02,200,6
1830,2.000000000000e-02,200,6
1831,2.000000000000e-02,200,3
1832,2.000000000000e-02,200,3
1833,2.000000000000e-02,200,8
1834,2.000000000000e-02,200,4
1835,2.000000000000e-02,200,2
1836,2.000000000000e-02,200,4
1837,2.000000000000e-02,200,5
1838,2.000000000000e-02,200,0
1839,2.000000000000e-02,200,2
1840,2.000000000000e-02,200,7
1841,2.000000000000e-02,200,7
1842,2.000000000000e-02,200,5
1843,2.000000000000e-02,200,4
1844,2.000000000000e-02,200,3
1845,2.000000000000e-02,200,5
1846,2.000000000000e-02,200,4
1847,2.000000000000e-02,200,1
1848,2.000000000000e-02,200,3
1849,2.000000000000e-02,200,3
1850,2.000000000000e-02,200,5
1851,2.000000000000e-02,200,2
1852,2.000000000000e-02,200,8
1853,2.000000000000e-02,200,6
1854,2.000000000000e-02,200,3
1855,2.000000000000e-02,200,5
1856,2.000000000000e-02,200,4
1857,2.000000000000e-02,200,2
1858,2.000000000000e-02,200,5
1859,2.000000000000e-02,200,5
1860,2.000000000000e-02,200,4
1861,2.000000000000e-02,200,6
1862,2.000000000000e-02,200,1
1863,2.000000000000e-02,200,5
1864,2.000000000000e-02,200,5
1865,2.000000000000e-02,200,3
1866,2.000000000000e-02,200,3
1867,2.000000000000e-02,200,6
1868,2.000000000000e-02,200,5
1869,2.000000000000e-02,200,7
1870,2.000000000000e-02,200,5
1871,2.000000000000e-02,200,2
1872,2.000000000000e-02,200,4
1873,2.000000000000e-02,200,2
1874,2.000000000000e-02,200,3
1875,2.000000000000e-02,200,9
1876,2.000000000000e-02,200,5
1877,2.000000000000e-02,200,2
1878,2.000000000000e-02,200,3
1879,2.000000000000e-02,200,7
1880,2.000000000000e-02,200,3
1881,2.000000000000e-02,200,4
1882,2.000000000000e-02,200,0
1883,2.000000000000e-02,200,5
1884,2.000000000000e-02,200,5
1885,2.000000000000e-02,200,4
1886,2.000000000000e-02,200,8
1887,2.000000000000e-02,200,0
1888,2.000000000000e-02,200,3
1889,2.000000000000e-02,200,4
1890,2.000000000000e-02,200,3
1891,2.000000000000e-02,200,2
1892,2.000000000000e-02,200,3
1893,2.000000000000e-02,200,4
1894,2.000000000000e-02,200,6
1895,2.000000000000e-02,200,4
1896,2.000000000000e-02,200,6
1897,2.000000000000e-02,200,4
1898,2.000000000000e-02,200,3
1899,2.000000000000e-02,200,10
1900,2.000000000000e-02,200,2
1901,2.000000000000e-02,200,4
1902,2.000000000000e-02,200,5
1903,2.000000000000e-02,200,5
1904,2.000000000000e-02,200,3
1905,2.000000000000e-02,200,1
1906,2.000000000000e-02,200,6
1907,2.000000000000e-02,200,4
1908,2.000000000000e-02,200,7
1909,2.000000000000e-02,200,2
1910,2.000000000000e-02,200,4
1911,2.000000000000e-02,200,2
1912,2.000000000000e-02,200,2
1913,2.000000000000e-02,200,3
1914,2.000000000000e-02,200,3
1915,2.000000000000e-02,200,6
1916,2.000000000000e-02,200,3
1917,2.000000000000e-02,200,7
1918,2.000000000000e-02,200,5
1919,2.000000000000e-02,200,11
1920,2.000000000000e-02,200,5
1921,2.000000000000e-02,200,6
1922,2.000000000000e-02,200,5
1923,2.000000000000e-02,200,2
1924,2.000000000000e-02,200,1
1925,2.000000000000e-02,200,4
1926,2.000000000000e-02,200,3
1927,2.000000000000e-02,200,3
1928,2.000000000000e-02,200,3
1929,2.000000000000e-02,200,6
1930,2.000000000000e-02,200,4
1931,2.000000000000e-02,200,6
1932,2.000000000000e-02,200,5
1933,2.000000000000e-02,200,4
1934,2.000000000000e-02,200,3
1935,2.000000000000e-02,200,6
1936,2.000000000000e-02,200,4
1937,2.000000000000e-02,200,4
1938,2.000000000000e-02,200,4
1939,2.000000000000e-02,200,9
1940,2.000000000000e-02,200,7
1941,2.000000000000e-02,200,3
1942,2.000000000000e-02,200,1
1943,2.000000000000e-02,200,3
1944,2.000000000000e-02,200,6
1945,2.000000000000e-02,200,3
1946,2.000000000000e-02,200,8
1947,2.000000000000e-02,200,3
1948,2.000000000000e-02,200,5
1949,2.000000000000e-02,200,3
1950,2.000000000000e-02,200,2
1951,2.000000000000e-02,200,3
1952,2.000000000000e-02,200,4
1953,2.000000000000e-02,200,4
1954,2.000000000000e-02,200,2
1955,2.000000000000e-02,200,4
1956,2.000000000000e-02,200,8
1957,2.000000000000e-02,200,4
1958,2.000000000000e-02,200,5
1959,2.000000000000e-02,200,4
1960,2.000000000000e-02,200,4
1961,2.000000000000e-02,200,6
1962,2.000000000000e-02,200,1
1963,2.000000000000e-02,200,4
1964,2.000000000000e-02,200,2
1965,2.000000000000e-02,200,5
1966,2.000000000000e-02,200,1
1967,2.000000000000e-02,200,1
1968,2.000000000000e-02,200,2
1969,2.000000000000e-02,200,1
1970,2.000000000000e-02,200,2
1971,2.000000000000e-02,200,7
1972,2.000000000000e-02,200,6
1973,2.000000000000e-02,200,0
1974,2.000000000000e-02,200,6
1975,2.000000000000e-02,200,3
1976,2.000000000000e-02,200,3
1977,2.000000000000e-02,200,7
1978,2.000000000000e-02,200,1
1979,2.000000000000e-02,200,4
1980,2.000000000000e-02,200,3
1981,2.000000000000e-02,200,5
1982,2.000000000000e-02,200,5
1983,2.000000000000e-02,200,4
1984,2.000000000000e-02,200,5
1985,2.000000000000e-02,200,4
1986,2.000000000000e-02,200,7
1987,2.000000000000e-02,200,9
1988,2.000000000000e-02,200,6
1989,2.000000000000e-02,200,2
1990,2.000000000000e-02,200,1
1991,2.000000000000e-02,200,7
1992,2.000000000000e-02,200,5
1993,2.000000000000e-02,200,2
1994,2.000000000000e-02,200,4
1995,2.000000000000e-02,200,3
1996,2.000000000000e-02,200,2
1997,2.000000000000e-02,200,7
1998,2.000000000000e-02,200,6
1999,2.000000000000e-02,200,4
2000,2.000000000000e-02,200,1
2001,2.000000000000e-02,500,11
2002,2.000000000000e-02,500,11
2003,2.000000000000e-02,500,10
2004,2.000000000000e-02,500,10
2005,2.000000000000e-02,500,8
2006,2.000000000000e-02,500,11
2007,2.000000000000e-02,500,7
2008,2.000000000000e-02,500,10
2009,2.000000000000e-02,500,13
2010,2.000000000000e-02,500,10
2011,2.000000000000e-02,500,10
2012,2.000000000000e-02,500,8
2013,2.000000000000e-02,500,6
2014,2.000000000000e-02,500,11
2015,2.000000000000e-02,500,8
2016,2.000000000000e-02,500,9
2017,2.000000000000e-02,500,10
2018,2.000000000000e-02,500,14
2019,2.000000000000e-02,500,6
2020,2.000000000000e-02,500,13
2021,2.000000000000e-02,500,11
2022,2.000000000000e-02,500,5
2023,2.000000000000e-02,500,14
2024,2.000000000000e-02,500,18
2025,2.000000000000e-02,500,6
2026,2.000000000000e-02,500,7
2027,2.000000000000e-02,500,10
2028,2.000000000000e-02,500,7
2029,2.000000000000e-02,500,9
2030,2.000000000000e-02,500,6
2031,2.000000000000e-02,500,6
2032,2.000000000000e-02,500,9
2033,2.000000000000e-02,500,11
2034,2.000000000000e-02,500,9
2035,2.000000000000e-02,500,12
2036,2.000000000000e-02,500,9
2037,2.000000000000e-02,500,13
2038,2.000000000000e-02,500,11
2039,2.000000000000e-02,500,11
2040,2.000000000000e-02,500,15
2041,2.000000000000e-02,500,13
2042,2.000000000000e-02,500,9
2043,2.000000000000e-02,500,9
2044,2.000000000000e-02,500,17
2045,2.000000000000e-02,500,10
2046,2.000000000000e-02,500,9
2047,2.000000000000e-02,500,8
2048,2.000000000000e-02,500,13
2049,2.000000000000e-02,500,11
2050,2.000000000000e-02,500,5
2051,2.000000000000e-02,500,16
2052,2.000000000000e-02,500,6
2053,2.000000000000e-02,500,20
2054,2.000000000000e-02,500,11
2055,2.000000000000e-02,500,7
2056,2.000000000000e-02,500,10
2057,2.000000000000e-02,500,8
2058,2.000000000000e-02,500,15
2059,2.000000000000e-02,500,12
2060,2.000000000000e-02,500,6
2061,2.000000000000e-02,500,10
2062,2.000000000000e-02,500,14
2063,2.000000000000e-02,500,5
2064,2.000000000000e-02,500,10
2065,2.000000000000e-02,500,12
2066,2.000000000000e-02,500,17
2067,2.000000000000e-02,500,11
2068,2.000000000000e-02,500,13
2069,2.000000000000e-02,500,7
2070,2.000000000000e-02,500,15
2071,2.000000000000e-02,500,8
2072,2.000000000000e-02,500,12
2073,2.000000000000e-02,500,13
2074,2.000000000000e-02,500,8
2075,2.000000000000e-02,500,14
2076,2.000000000000e-02,500,6
2077,2.000000000000e-02,500,16
2078,2.000000000000e-02,500,9
2079,2.000000000000e-02,500,13
2080,2.000000000000e-02,500,12
2081,2.000000000000e-02,500,9
2082,2.000000000000e-02,500,14
2083,2.000000000000e-02,500,10
2084,2.000000000000e-02,500,7
2085,2.000000000000e-02,500,13
2086,2.000000000000e-02,500,5
2087,2.000000000000e-02,500,12
2088,2.000000000000e-02,500,12
2089,2.000000000000e-02,500,8
2090,2.000000000000e-02,500,10
2091,2.000000000000e-02,500,6
2092,2.000000000000e-02,500,8
2093,2.000000000000e-02,500,5
2094,2.000000000000e-02,500,14
2095,2.000000000000e-02,500,11
2096,2.000000000000e-02,500,7
2097,2.000000000000e-02,500,8
2098,2.000000000000e-02,500,15
2099,2.000000000000e-02,500,9
2100,2.000000000000e-02,500,12
2101,2.000000000000e-02,500,12
2102,2.000000000000e-02,500,7
2103,2.000000000000e-02,500,12
2104,2.000000000000e-02,500,8
2105,2.000000000000e-02,500,12
2106,2.000000000000e-02,500,10
2107,2.000000000000e-02,500,15
2108,2.000000000000e-02,500,10
2109,2.000000000000e-02,500,13
2110,2.000000000000e-02,500,9
2111,2.000000000000e-02,500,12
2112,2.000000000000e-02,500,13
2113,2.000000000000e-02,500,14
2114,2.000000000000e-02,500,12
2115,2.000000000000e-02,500,12
2116,2.000000000000e-02,500,6
2117,2.000000000000e-02,500,9
2118,2.000000000000e-02,500,12
2119,2.000000000000e-02,500,8
2120,2.000000000000e-02,500,9
2121,2.000000000000e-02,500,8
2122,2.000000000000e-02,500,12
2123,2.000000000000e-02,500,12
2124,2.000000000000e-02,500,12
2125,2.000000000000e-02,500,5
2126,2.000000000000e-02,500,11
2127,2.000000000000e-02,500,12
2128,2.000000000000e-02,500,8
2129,2.000000000000e-02,500,9
2130,2.000000000000e-02,500,8
2131,2.000000000000e-02,500,10
2132,2.000000000000e-02,500,5
2133,2.000000000000e-02,500,9
2134,2.000000000000e-02,500,6
2135,2.000000000000e-02,500,10
2136,2.000000000000e-02,500,12
2137,2.000000000000e-02,500,9
2138,2.000000000000e-02,500,15
2139,2.000000000000e-02,500,13
2140,2.000000000000e-02,500,10
2141,2.000000000000e-02,500,8
2142,2.000000000000e-02,500,7
2143,2.000000000000e-02,500,10
2144,2.000000000000e-02,500,10
2145,2.000000000000e-02,500,10
2146,2.000000000000e-02,500,18
2147,2.000000000000e-02,500,12
2148,2.000000000000e-02,500,4
2149,2.000000000000e-02,500,13
2150,2.000000000000e-02,500,10
2151,2.000000000000e-02,500,13
2152,2.000000000000e-02,500,7
2153,2.000000000000e-02,500,5
2154,2.000000000000e-02,500,8
2155,2.000000000000e-02,500,5
2156,2.000000000000e-02,500,9
2157,2.000000000000e-02,500,3
2158,2.000000000000e-02,500,9
2159,2.000000000000e-02,500,16
2160,2.000000000000e-02,500,6
2161,2.000000000000e-02,500,9
2162,2.000000000000e-02,500,14
2163,2.000000000000e-02,500,7
2164,2.000000000000e-02,500,12
2165,2.000000000000e-02,500,11
2166,2.000000000000e-02,500,9
2167,2.000000000000e-02,500,13
2168,2.000000000000e-02,500,13
2169,2.000000000000e-02,500,10
2170,2.000000000000e-02,500,6
2171,2.000000000000e-02,500,16
2172,2.000000000000e-02,500,14
2173,2.000000000000e-02,500,12
2174,2.000000000000e-02,500,17
2175,2.000000000000e-02,500,11
2176,2.000000000000e-02,500,11
2177,2.000000000000e-02,500,9
2178,2.000000000000e-02,500,9
2179,2.000000000000e-02,500,6
2180,2.000000000000e-02,500,10
2181,2.000000000000e-02,500,13
2182,2.000000000000e-02,500,12
2183,2.000000000000e-02,500,15
2184,2.000000000000e-02,500,8
2185,2.000000000000e-02,500,11
2186,2.000000000000e-02,500,13
2187,2.000000000000e-02,500,11
2188,2.000000000000e-02,500,14
2189,2.000000000000e-02,500,14
2190,2.000000000000e-02,500,7
2191,2.000000000000e-02,500,11
2192,2.000000000000e-02,500,13
2193,2.000000000000e-02,500,7
2194,2.000000000000e-02,500,5
2195,2.000000000000e-02,500,14
2196,2.000000000000e-02,500,15
2197,2.000000000000e-02,500,12
2198,2.000000000000e-02,500,12
2199,2.000000000000e-02,500,10
2200,2.000000000000e-02,500,10
2201,2.000000000000e-02,1000,17
2202,2.000000000000e-02,1000,22
2203,2.000000000000e-02,1000,19
2204,2.000000000000e-02,1000,20
2205,2.000000000000e-02,1000,25
2206,2.000000000000e-02,1000,15
2207,2.000000000000e-02,1000,30
2208,2.000000000000e-02,1000,21
2209,2.000000000000e-02,1000,19
2210,2.000000000000e-02,1000,25
2211,2.000000000000e-02,1000,25
2212,2.000000000000e-02,1000,17
2213,2.000000000000e-02,1000,12
2214,2.000000000000e-02,1000,27
2215,2.000000000000e-02,1000,28
2216,2.000000000000e-02,1000,24
2217,2.000000000000e-02,1000,24
2218,2.000000000000e-02,1000,23
2219,2.000000000000e-02,1000,14
2220,2.000000000000e-02,1000,23
2221,2.000000000000e-02,1000,28
2222,2.000000000000e-02,1000,23
2223,2.000000000000e-02,1000,23
2224,2.000000000000e-02,1000,21
2225,2.000000000000e-02,1000,24
2226,2.000000000000e-02,1000,19
2227,2.000000000000e-02,1000,15
2228,2.000000000000e-02,1000,20
2229,2.000000000000e-02,1000,27
2230,2.000000000000e-02,1000,25
2231,2.000000000000e-02,1000,13
2232,2.000000000000e-02,1000,24
2233,2.000000000000e-02,1000,24
2234,2.000000000000e-02,1000,16
2235,2.000000000000e-02,1000,26
2236,2.000000000000e-02,1000,21
2237,2.000000000000e-02,1000,20
2238,2.000000000000e-02,1000,20
2239,2.000000000000e-02,1000,19
2240,2.000000000000e-02,1000,21
2241,2.000000000000e-02,1000,22
2242,2.000000000000e-02,1000,16
2243,2.000000000000e-02,1000,23
2244,2.000000000000e-02,1000,19
2245,2.000000000000e-02,1000,28
2246,2.000000000000e-02,1000,26
2247,2.000000000000e-02,1000,18
2248,2.000000000000e-02,1000,14
2249,2.000000000000e-02,1000,23
2250,2.000000000000e-02,1000,24
2251,2.000000000000e-02,1000,24
2252,2.000000000000e-02,1000,17
2253,2.000000000000e-02,1000,20
2254,2.000000000000e-02,1000,30
2255,2.000000000000e-02,1000,19
2256,2.000000000000e-02,1000,27
2257,2.000000000000e-02,1000,17
2258,2.000000000000e-02,1000,13
2259,2.000000000000e-02,1000,20
2260,2.000000000000e-02,1000,19
2261,2.000000000000e-02,1000,22
2262,2.000000000000e-02,1000,19
2263,2.000000000000e-02,1000,15
2264,2.000000000000e-02,1000,15
2265,2.000000000000e-02,1000,23
2266,2.000000000000e-02,1000,14
2267,2.000000000000e-02,1000,19
2268,2.000000000000e-02,1000,24
2269,2.000000000000e-02,1000,21
2270,2.000000000000e-02,1000,20
2271,2.000000000000e-02,1000,21
2272,2.000000000000e-02,1000,25
2273,2.000000000000e-02,1000,18
2274,2.000000000000e-02,1000,18
2275,2.000000000000e-02,1000,32
2276,2.000000000000e-02,1000,18
2277,2.000000000000e-02,1000,14
2278,2.000000000000e-02,1000,22
2279,2.000000000000e-02,1000,17
2280,2.000000000000e-02,1000,23
2281,2.000000000000e-02,1000,20
2282,2.000000000000e-02,1000,6
2283,2.000000000000e-02,1000,12
2284,2.000000000000e-02,1000,21
2285,2.000000000000e-02,1000,24
2286,2.000000000000e-02,1000,23
2287,2.000000000000e-02,1000,16
2288,2.000000000000e-02,1000,24
2289,2.000000000000e-02,1000,23
2290,2.000000000000e-02,1000,23
2291,2.000000000000e-02,1000,23
2292,2.000000000000e-02,1000,27
2293,2.000000000000e-02,1000,23
2294,2.000000000000e-02,1000,21
2295,2.000000000000e-02,1000,20
2296,2.000000000000e-02,1000,17
2297,2.000000000000e-02,1000,21
2298,2.000000000000e-02,1000,15
2299,2.000000000000e-02,1000,20
2300,2.000000000000e-02,1000,24
2301,2.000000000000e-02,1000,27
2302,2.000000000000e-02,1000,23
2303,2.000000000000e-02,1000,19
2304,2.000000000000e-02,1000,22
2305,2.000000000000e-02,1000,15
2306,2.000000000000e-02,1000,20
2307,2.000000000000e-02,1000,26
2308,2.000000000000e-02,1000,11
2309,2.000000000000e-02,1000,23
2310,2.000000000000e-02,1000,16
2311,2.000000000000e-02,1000,20
2312,2.000000000000e-02,1000,21
2313,2.000000000000e-02,1000,17
2314,2.000000000000e-02,1000,21
2315,2.000000000000e-02,1000,26
2316,2.000000000000e-02,1000,12
2317,2.000000000000e-02,1000,13
2318,2.000000000000e-02,1000,20
2319,2.000000000000e-02,1000,19
2320,2.000000000000e-02,1000,19
2321,2.000000000000e-02,1000,14
2322,2.000000000000e-02,1000,18
2323,2.000000000000e-02,1000,19
2324,2.000000000000e-02,1000,18
2325,2.000000000000e-02,1000,20
2326,2.000000000000e-02,1000,19
2327,2.000000000000e-02,1000,22
2328,2.000000000000e-02,1000,22
2329,2.000000000000e-02,1000,26
2330,2.000000000000e-02,1000,26
2331,2.000000000000e-02,1000,11
2332,2.000000000000e-02,1000,13
2333,2.000000000000e-02,1000,22
2334,2.000000000000e-02,1000,16
2335,2.000000000000e-02,1000,24
2336,2.000000000000e-02,1000,27
2337,2.000000000000e-02,1000,22
2338,2.000000000000e-02,1000,24
2339,2.000000000000e-02,1000,20
2340,2.000000000000e-02,1000,18
2341,2.000000000000e-02,1000,15
2342,2.000000000000e-02,1000,21
2343,2.000000000000e-02,1000,20
2344,2.000000000000e-02,1000,19
2345,2.000000000000e-02,1000,21
2346,2.000000000000e-02,1000,23
2347,2.000000000000e-02,1000,23
2348,2.000000000000e-02,1000,20
2349,2.000000000000e-02,1000,17
2350,2.000000000000e-02,1000,20
2351,2.000000000000e-02,1000,23
2352,2.000000000000e-02,1000,18
2353,2.000000000000e-02,1000,19
2354,2.000000000000e-02,1000,16
2355,2.000000000000e-02,1000,21
2356,2.000000000000e-02,1000,23
2357,2.000000000000e-02,1000,16
2358,2.000000000000e-02,1000,21
2359,2.000000000000e-02,1000,14
2360,2.000000000000e-02,1000,14
2361,2.000000000000e-02,1000,22
2362,2.000000000000e-02,1000,12
2363,2.000000000000e-02,1000,27
2364,2.000000000000e-02,1000,13
2365,2.000000000000e-02,1000,17
2366,2.000000000000e-02,1000,19
2367,2.000000000000e-02,1000,15
2368,2.000000000000e-02,1000,24
2369,2.000000000000e-02,1000,32
2370,2.000000000000e-02,1000,27
2371,2.000000000000e-02,1000,20
2372,2.000000000000e-02,1000,19
2373,2.000000000000e-02,1000,20
2374,2.000000000000e-02,1000,15
2375,2.000000000000e-02,1000,25
2376,2.000000000000e-02,1000,22
2377,2.000000000000e-02,1000,18
2378,2.000000000000e-02,1000,18
2379,2.000000000000e-02,1000,20
2380,2.000000000000e-02,1000,26
2381,2.000000000000e-02,1000,29
2382,2.000000000000e-02,1000,17
2383,2.000000000000e-02,1000,26
2384,2.000000000000e-02,1000,37
2385,2.000000000000e-02,1000,27
2386,2.000000000000e-02,1000,21
2387,2.000000000000e-02,1000,19
2388,2.000000000000e-02,1000,21
2389,2.000000000000e-02,1000,25
2390,2.000000000000e-02,1000,24
2391,2.000000000000e-02,1000,16
2392,2.000000000000e-02,1000,18
2393,2.000000000000e-02,1000,19
2394,2.000000000000e-02,1000,20
2395,2.000000000000e-02,1000,16
2396,2.000000000000e-02,1000,25
2397,2.000000000000e-02,1000,24
2398,2.000000000000e-02,1000,23
2399,2.000000000000e-02,1000,19
2400,2.000000000000e-02,1000,15
2401,2.000000000000e-02,2000,47
2402,2.000000000000e-02,2000,49
2403,2.000000000000e-02,2000,47
2404,2.000000000000e-02,2000,46
2405,2.000000000000e-02,2000,39
2406,2.000000000000e-02,2000,42
2407,2.000000000000e-02,2000,36
2408,2.000000000000e-02,2000,38
2409,2.000000000000e-02,2000,52
2410,2.000000000000e-02,2000,38
2411,2.000000000000e-02,2000,40
2412,2.000000000000e-02,2000,42
2413,2.000000000000e-02,2000,49
2414,2.000000000000e-02,2000,43
2415,2.000000000000e-02,2000,42
2416,2.000000000000e-02,2000,49
2417,2.000000000000e-02,2000,41
2418,2.000000000000e-02,2000,36
2419,2.000000000000e-02,2000,41
2420,2.000000000000e-02,2000,48
2421,2.000000000000e-02,2000,42
2422,2.000000000000e-02,2000,57
2423,2.000000000000e-02,2000,38
2424,2.000000000000e-02,2000,46
2425,2.000000000000e-02,2000,42
2426,2.000000000000e-02,2000,34
2427,2.000000000000e-02,2000,35
2428,2.000000000000e-02,2000,40
2429,2.000000000000e-02,2000,34
2430,2.000000000000e-02,2000,43
2431,2.000000000000e-02,2000,49
2432,2.000000000000e-02,2000,39
2433,2.000000000000e-02,2000,36
2434,2.000000000000e-02,2000,38
2435,2.000000000000e-02,2000,60
2436,2.000000000000e-02,2000,47
2437,2.000000000000e-02,2000,41
2438,2.000000000000e-02,2000,44
2439,2.000000000000e-02,2000,30
2440,2.000000000000e-02,2000,34
2441,2.000000000000e-02,2000,41
2442,2.000000000000e-02,2000,47
2443,2.000000000000e-02,2000,35
2444,2.000000000000e-02,2000,49
2445,2.000000000000e-02,2000,46
2446,2.000000000000e-02,2000,41
2447,2.000000000000e-02,2000,45
2448,2.000000000000e-02,2000,45
2449,2.000000000000e-02,2000,39
2450,2.000000000000e-02,2000,36
2451,2.000000000000e-02,2000,32
2452,2.000000000000e-02,2000,45
2453,2.000000000000e-02,2000,32
2454,2.000000000000e-02,2000,34
2455,2.000000000000e-02,2000,46
2456,2.000000000000e-02,2000,42
2457,2.000000000000e-02,2000,44
2458,2.000000000000e-02,2000,36
2459,2.000000000000e-02,2000,42
2460,2.000000000000e-02,2000,40
2461,2.000000000000e-02,2000,44
2462,2.000000000000e-02,2000,40
2463,2.000000000000e-02,2000,45
2464,2.000000000000e-02,2000,32
2465,2.000000000000e-02,2000,44
2466,2.000000000000e-02,2000,44
2467,2.000000000000e-02,2000,38
2468,2.000000000000e-02,2000,36
2469,2.000000000000e-02,2000,39
2470,2.000000000000e-02,2000,42
2471,2.000000000000e-02,2000,43
2472,2.000000000000e-02,2000,44
2473,2.000000000000e-02,2000,56
2474,2.000000000000e-02,2000,38
2475,2.000000000000e-02,2000,34
2476,2.000000000000e-02,2000,40
2477,2.000000000000e-02,2000,40
2478,2.000000000000e-02,2000,38
2479,2.000000000000e-02,2000,44
2480,2.000000000000e-02,2000,48
2481,2.000000000000e-02,2000,42
2482,2.000000000000e-02,2000,37
2483,2.000000000000e-02,2000,35
2484,2.000000000000e-02,2000,44
2485,2.000000000000e-02,2000,31
2486,2.000000000000e-02,2000,49
2487,2.000000000000e-02,2000,51
2488,2.000000000000e-02,2000,39
2489,2.000000000000e-02,2000,43
2490,2.000000000000e-02,2000,52
2491,2.000000000000e-02,2000,33
2492,2.000000000000e-02,2000,40
2493,2.000000000000e-02,2000,39
2494,2.000000000000e-02,2000,43
2495,2.000000000000e-02,2000,43
2496,2.000000000000e-02,2000,42
2497,2.000000000000e-02,2000,49
2498,2.000000000000e-02,2000,44
2499,2.000000000000e-02,2000,39
2500,2.000000000000e-02,2000,41
2501,2.000000000000e-02,2000,37
2502,2.000000000000e-02,2000,39
2503,2.000000000000e-02,2000,38
2504,2.000000000000e-02,2000,41
2505,2.000000000000e-02,2000,45
2506,2.000000000000e-02,2000,38
2507,2.000000000000e-02,2000,36
2508,2.000000000000e-02,2000,36
2509,2.000000000000e-02,2000,36
2510,2.000000000000e-02,2000,43
2511,2.000000000000e-02,2000,49
2512,2.000000000000e-02,2000,31
2513,2.000000000000e-02,2000,42
2514,2.000000000000e-02,2000,27
2515,2.000000000000e-02,2000,39
2516,2.000000000000e-02,2000,34
2517,2.000000000000e-02,2000,39
2518,2.000000000000e-02,2000,43
2519,2.000000000000e-02,2000,48
2520,2.000000000000e-02,2000,28
2521,2.000000000000e-02,2000,35
2522,2.000000000000e-02,2000,48
2523,2.000000000000e-02,2000,37
2524,2.000000000000e-02,2000,36
2525,2.000000000000e-02,2000,35
2526,2.000000000000e-02,2000,56
2527,2.000000000000e-02,2000,40
2528,2.000000000000e-02,2000,37
2529,2.000000000000e-02,2000,45
2530,2.000000000000e-02,2000,32
2531,2.000000000000e-02,2000,38
2532,2.000000000000e-02,2000,37
2533,2.000000000000e-02,2000,41
2534,2.000000000000e-02,2000,37
2535,2.000000000000e-02,2000,43
2536,2.000000000000e-02,2000,49
2537,2.000000000000e-02,2000,47
2538,2.000000000000e-02,2000,44
2539,2.000000000000e-02,2000,40
2540,2.000000000000e-02,2000,39
2541,2.000000000000e-02,2000,34
2542,2.000000000000e-02,2000,34
2543,2.000000000000e-02,2000,53
2544,2.000000000000e-02,2000,44
2545,2.000000000000e-02,2000,49
2546,2.000000000000e-02,2000,38
2547,2.000000000000e-02,2000,43
2548,2.000000000000e-02,2000,43
2549,2.000000000000e-02,2000,46
2550,2.000000000000e-02,2000,39
2551,2.000000000000e-02,2000,42
2552,2.000000000000e-02,2000,51
2553,2.000000000000e-02,2000,39
2554,2.000000000000e-02,2000,43
2555,2.000000000000e-02,2000,45
2556,2.000000000000e-02,2000,44
2557,2.000000000000e-02,2000,52
2558,2.000000000000e-02,2000,49
2559,2.000000000000e-02,2000,48
2560,2.000000000000e-02,2000,52
2561,2.000000000000e-02,2000,38
2562,2.000000000000e-02,2000,46
2563,2.000000000000e-02,2000,27
2564,2.000000000000e-02,2000,50
2565,2.000000000000e-02,2000,54
2566,2.000000000000e-02,2000,38
2567,2.000000000000e-02,2000,42
2568,2.000000000000e-02,2000,33
2569,2.000000000000e-02,2000,48
2570,2.000000000000e-02,2000,37
2571,2.000000000000e-02,2000,39
2572,2.000000000000e-02,2000,34
2573,2.000000000000e-02,2000,44
2574,2.000000000000e-02,2000,39
2575,2.000000000000e-02,2000,48
2576,2.000000000000e-02,2000,45
2577,2.000000000000e-02,2000,48
2578,2.000000000000e-02,2000,32
2579,2.000000000000e-02,2000,37
2580,2.000000000000e-02,2000,44
2581,2.000000000000e-02,2000,30
2582,2.000000000000e-02,2000,39
2583,2.000000000000e-02,2000,42
2584,2.000000000000e-02,2000,37
2585,2.000000000000e-02,2000,54
2586,2.000000000000e-02,2000,50
2587,2.000000000000e-02,2000,46
2588,2.000000000000e-02,2000,35
2589,2.000000000000e-02,2000,48
2590,2.000000000000e-02,2000,49
2591,2.000000000000e-02,2000,37
2592,2.000000000000e-02,2000,48
2593,2.000000000000e-02,2000,35
2594,2.000000000000e-02,2000,26
2595,2.000000000000e-02,2000,38
2596,2.000000000000e-02,2000,32
2597,2.000000000000e-02,2000,30
2598,2.000000000000e-02,2000,42
2599,2.000000000000e-02,2000,38
2600,2.000000000000e-02,2000,37
2601,2.000000000000e-02,5000,109
2602,2.000000000000e-02,5000,110
2603,2.000000000000e-02,5000,100
2604,2.000000000000e-02,5000,103
2605,2.000000000000e-02,5000,110
2606,2.000000000000e-02,5000,98
2607,2.000000000000e-02,5000,109
2608,2.000000000000e-02,5000,113
2609,2.000000000000e-02,5000,92
2610,2.000000000000e-02,5000,86
2611,2.000000000000e-02,5000,105
2612,2.000000000000e-02,5000,101
2613,2.000000000000e-02,5000,109
2614,2.000000000000e-02,5000,92
2615,2.000000000000e-02,5000,98
2616,2.000000000000e-02,5000,115
2617,2.000000000000e-02,5000,112
2618,2.000000000000e-02,5000,102
2619,2.000000000000e-02,5000,100
2620,2.000000000000e-02,5000,110
2621,2.000000000000e-02,5000,95
2622,2.000000000000e-02,5000,105
2623,2.000000000000e-02,5000,102
2624,2.000000000000e-02,5000,92
2625,2.000000000000e-02,5000,104
2626,2.000000000000e-02,5000,97
2627,2.000000000000e-02,5000,106
2628,2.000000000000e-02,5000,111
2629,2.000000000000e-02,5000,96
2630,2.000000000000e-02,5000,101
2631,2.000000000000e-02,5000,97
2632,2.000000000000e-02,5000,104
2633,2.000000000000e-02,5000,101
2634,2.000000000000e-02,5000,111
2635,2.000000000000e-02,5000,78
2636,2.000000000000e-02,5000,104
2637,2.000000000000e-02,5000,91
2638,2.000000000000e-02,5000,113
2639,2.000000000000e-02,5000,108
2640,2.000000000000e-02,5000,114
2641,2.000000000000e-02,5000,91
2642,2.000000000000e-02,5000,101
2643,2.000000000000e-02,5000,109
2644,2.000000000000e-02,5000,89
2645,2.000000000000e-02,5000,110
2646,2.000000000000e-02,5000,98
2647,2.000000000000e-02,5000,96
2648,2.000000000000e-02,5000,110
2649,2.000000000000e-02,5000,108
2650,2.000000000000e-02,5000,114
2651,2.000000000000e-02,5000,98
2652,2.000000000000e-02,5000,103
2653,2.000000000000e-02,5000,116
2654,2.000000000000e-02,5000,91
2655,2.000000000000e-02,5000,99
2656,2.000000000000e-02,5000,98
2657,2.000000000000e-02,5000,90
2658,2.000000000000e-02,5000,106
2659,2.000000000000e-02,5000,93
2660,2.000000000000e-02,5000,111
2661,2.000000000000e-02,5000,94
2662,2.000000000000e-02,5000,90
2663,2.000000000000e-02,5000,103
2664,2.000000000000e-02,5000,98
2665,2.000000000000e-02,5000,97
2666,2.000000000000e-02,5000,103
2667,2.000000000000e-02,5000,87
2668,2.000000000000e-02,5000,99
2669,2.000000000000e-02,5000,95
2670,2.000000000000e-02,5000,116
2671,2.000000000000e-02,5000,103
2672,2.000000000000e-02,5000,101
2673,2.000000000000e-02,5000,92
2674,2.000000000000e-02,5000,96
2675,2.000000000000e-02,5000,92
2676,2.000000000000e-02,5000,95
2677,2.000000000000e-02,5000,102
2678,2.000000000000e-02,5000,94
2679,2.000000000000e-02,5000,106
2680,2.000000000000e-02,5000,107
2681,2.000000000000e-02,5000,93
2682,2.000000000000e-02,5000,91
2683,2.000000000000e-02,5000,107
2684,2.000000000000e-02,5000,96
2685,2.000000000000e-02,5000,124
2686,2.000000000000e-02,5000,99
2687,2.000000000000e-02,5000,98
2688,2.000000000000e-02,5000,80
2689,2.000000000000e-02,5000,111
2690,2.000000000000e-02,5000,100
2691,2.000000000000e-02,5000,108
2692,2.000000000000e-02,5000,111
2693,2.000000000000e-02,5000,104
2694,2.000000000000e-02,5000,98
2695,2.000000000000e-02,5000,118
2696,2.000000000000e-02,5000,116
2697,2.000000000000e-02,5000,90
2698,2.000000000000e-02,5000,112
2699,2.000000000000e-02,5000,115
2700,2.000000000000e-02,5000,104
2701,2.000000000000e-02,5000,106
2702,2.000000000000e-02,5000,97
2703,2.000000000000e-02,5000,84
2704,2.000000000000e-02,5000,108
2705,2.000000000000e-02,5000,92
2706,2.000000000000e-02,5000,103
2707,2.000000000000e-02,5000,79
2708,2.000000000000e-02,5000,105
2709,2.000000000000e-02,5000,97
2710,2.000000000000e-02,5000,96
2711,2.000000000000e-02,5000,94
2712,2.000000000000e-02,5000,85
2713,2.000000000000e-02,5000,86
2714,2.000000000000e-02,5000,97
2715,2.000000000000e-02,5000,92
2716,2.000000000000e-02,5000,111
2717,2.000000000000e-02,5000,96
2718,2.000000000000e-02,5000,95
2719,2.000000000000e-02,5000,102
2720,2.000000000000e-02,5000,113
2721,2.000000000000e-02,5000,108
2722,2.000000000000e-02,5000,79
2723,2.000000000000e-02,5000,110
2724,2.000000000000e-02,5000,108
2725,2.000000000000e-02,5000,99
2726,2.000000000000e-02,5000,111
2727,2.000000000000e-02,5000,107
2728,2.000000000000e-02,5000,88
2729,2.000000000000e-02,5000,100
2730,2.000000000000e-02,5000,85
2731,2.000000000000e-02,5000,107
2732,2.000000000000e-02,5000,84
2733,2.000000000000e-02,5000,90
2734,2.000000000000e-02,5000,104
2735,2.000000000000e-02,5000,90
2736,2.000000000000e-02,5000,103
2737,2.000000000000e-02,5000,100
2738,2.000000000000e-02,5000,101
2739,2.000000000000e-02,5000,108
2740,2.000000000000e-02,5000,114
2741,2.000000000000e-02,5000,117
2742,2.000000000000e-02,5000,99
2743,2.000000000000e-02,5000,98
2744,2.000000000000e-02,5000,109
2745,2.000000000000e-02,5000,92
2746,2.000000000000e-02,5000,109
2747,2.000000000000e-02,5000,104
2748,2.000000000000e-02,5000,104
2749,2.000000000000e-02,5000,100
2750,2.000000000000e-02,5000,122
2751,2.000000000000e-02,5000,103
2752,2.000000000000e-02,5000,94
2753,2.000000000000e-02,5000,115
2754,2.000000000000e-02,5000,95
2755,2.000000000000e-02,5000,111
2756,2.000000000000e-02,5000,118
2757,2.000000000000e-02,5000,94
2758,2.000000000000e-02,5000,96
2759,2.000000000000e-02,5000,100
2760,2.000000000000e-02,5000,88
2761,2.000000000000e-02,5000,102
2762,2.000000000000e-02,5000,105
2763,2.000000000000e-02,5000,109
2764,2.000000000000e-02,5000,108
2765,2.000000000000e-02,5000,109
2766,2.000000000000e-02,5000,108
2767,2.000000000000e-02,5000,97
2768,2.000000000000e-02,5000,101
2769,2.000000000000e-02,5000,92
2770,2.000000000000e-02,5000,106
2771,2.000000000000e-02,5000,115
2772,2.000000000000e-02,5000,108
2773,2.000000000000e-02,5000,96
2774,2.000000000000e-02,5000,100
2775,2.000000000000e-02,5000,94
2776,2.000000000000e-02,5000,82
2777,2.000000000000e-02,5000,113
2778,2.000000000000e-02,5000,102
2779,2.000000000000e-02,5000,93
2780,2.000000000000e-02,5000,102
2781,2.000000000000e-02,5000,92
2782,2.000000000000e-02,5000,100
2783,2.000000000000e-02,5000,100
2784,2.000000000000e-02,5000,89
2785,2.000000000000e-02,5000,82
2786,2.000000000000e-02,5000,105
2787,2.000000000000e-02,5000,113
2788,2.000000000000e-02,5000,94
2789,2.000000000000e-02,5000,82
2790,2.000000000000e-02,5000,100
2791,2.000000000000e-02,5000,95
2792,2.000000000000e-02,5000,104
2793,2.000000000000e-02,5000,98
2794,2.000000000000e-02,5000,100
2795,2.000000000000e-02,5000,107
2796,2.000000000000e-02,5000,108
2797,2.000000000000e-02,5000,108
2798,2.000000000000e-02,5000,113
2799,2.000000000000e-02,5000,107
2800,2.000000000000e-02,5000,96
